"OBJECTID","validityDa","datasetNam","provinceCo","province_1","province_2","province_3","edition","version","SHAPE_Leng","SHAPE_Area","dissolve","TNMID","MetaSource","SourceData","SourceOrig","SourceFeat","LoadDate","GNIS_ID","AreaAcres","AreaSqKm","States","HUC8","Name","layer","path","total_production","production_proportion","total_stream_length","production_per_meter","production_per_meter_norm","total_production_all_quartiles","percent_of_total_run","year","watershed","analysis_type","quartile"
NA,NA,NA,NA,NA,NA,NA,NA,NA,NA,NA,NA,NA,NA,NA,NA,NA,NA,NA,NA,NA,NA,"19030404","Holitna River","HUC8_Trimmed","/Users/benjaminmakhlouf/Spatial Data/HUC8_Trimmed.shp",1703.66517742,0.174704513724794,2237206.12572435,0.000761514622113059,0.67138324293078,88282.2689681992,1.92979314796915,"2017","Kusko","DOY_Total","Q1"
NA,NA,NA,NA,NA,NA,NA,NA,NA,NA,NA,NA,NA,NA,NA,NA,NA,NA,NA,NA,NA,NA,"19030403","Takotna River","HUC8_Trimmed","/Users/benjaminmakhlouf/Spatial Data/HUC8_Trimmed.shp",474.131574098317,0.0486204256518633,770363.487306015,0.000615464753861024,0.542619551033993,88282.2689681992,0.537063194727253,"2017","Kusko","DOY_Total","Q1"
NA,NA,NA,NA,NA,NA,NA,NA,NA,NA,NA,NA,NA,NA,NA,NA,NA,NA,NA,NA,NA,NA,"19030405","Stony River","HUC8_Trimmed","/Users/benjaminmakhlouf/Spatial Data/HUC8_Trimmed.shp",3305.32466981293,0.338948724664737,2914112.91565278,0.00113424728741937,1,88282.2689681992,3.74404136690637,"2017","Kusko","DOY_Total","Q1"
NA,NA,NA,NA,NA,NA,NA,NA,NA,NA,NA,NA,NA,NA,NA,NA,NA,NA,NA,NA,NA,NA,"19030401","North Fork Kuskokwim River","HUC8_Trimmed","/Users/benjaminmakhlouf/Spatial Data/HUC8_Trimmed.shp",143.798940672459,0.0147460453716424,1884947.19905091,7.62880470842173e-05,0.0672587432479447,88282.2689681992,0.162885415557521,"2017","Kusko","DOY_Total","Q1"
NA,NA,NA,NA,NA,NA,NA,NA,NA,NA,NA,NA,NA,NA,NA,NA,NA,NA,NA,NA,NA,NA,"19030406","Middle Fork Kuskokwim River","HUC8_Trimmed","/Users/benjaminmakhlouf/Spatial Data/HUC8_Trimmed.shp",984.18773196558,0.100924783464401,928823.473467058,0.00105960686834481,0.934193874737509,88282.2689681992,1.11481925359225,"2017","Kusko","DOY_Total","Q1"
NA,NA,NA,NA,NA,NA,NA,NA,NA,NA,NA,NA,NA,NA,NA,NA,NA,NA,NA,NA,NA,NA,"19030502","Kuskokwim Delta","HUC8_Trimmed","/Users/benjaminmakhlouf/Spatial Data/HUC8_Trimmed.shp",1533.06380628721,0.157209979012478,6220318.78018474,0.000246460649439847,0.217290049686248,88282.2689681992,1.73654780762312,"2017","Kusko","DOY_Total","Q1"
NA,NA,NA,NA,NA,NA,NA,NA,NA,NA,NA,NA,NA,NA,NA,NA,NA,NA,NA,NA,NA,NA,"19030407","South Fork Kuskokwim River","HUC8_Trimmed","/Users/benjaminmakhlouf/Spatial Data/HUC8_Trimmed.shp",185.809047961648,0.0190540252862162,725260.727941768,0.000256196207519686,0.225873326179674,88282.2689681992,0.210471536508174,"2017","Kusko","DOY_Total","Q1"
NA,NA,NA,NA,NA,NA,NA,NA,NA,NA,NA,NA,NA,NA,NA,NA,NA,NA,NA,NA,NA,NA,"19030501","Aniak","HUC8_Trimmed","/Users/benjaminmakhlouf/Spatial Data/HUC8_Trimmed.shp",1421.71430622575,0.145791502823867,1798877.0674296,0.000790334332438416,0.696791908787876,88282.2689681992,1.61041885629138,"2017","Kusko","DOY_Total","Q1"
NA,NA,NA,NA,NA,NA,NA,NA,NA,NA,NA,NA,NA,NA,NA,NA,NA,NA,NA,NA,NA,NA,"19030404","Holitna River","HUC8_Trimmed","/Users/benjaminmakhlouf/Spatial Data/HUC8_Trimmed.shp",7824.29899976094,0.191830120927556,2237206.12572435,0.00349735275162794,0.816123633571261,88282.2689681992,8.86282046350598,"2017","Kusko","DOY_Total","Q2"
NA,NA,NA,NA,NA,NA,NA,NA,NA,NA,NA,NA,NA,NA,NA,NA,NA,NA,NA,NA,NA,NA,"19030403","Takotna River","HUC8_Trimmed","/Users/benjaminmakhlouf/Spatial Data/HUC8_Trimmed.shp",2169.65149069522,0.0531938398370808,770363.487306015,0.00281639969500964,0.657220050682717,88282.2689681992,2.45762995905414,"2017","Kusko","DOY_Total","Q2"
NA,NA,NA,NA,NA,NA,NA,NA,NA,NA,NA,NA,NA,NA,NA,NA,NA,NA,NA,NA,NA,NA,"19030405","Stony River","HUC8_Trimmed","/Users/benjaminmakhlouf/Spatial Data/HUC8_Trimmed.shp",12487.9128662347,0.306169004448293,2914112.91565278,0.00428532223276508,1,88282.2689681992,14.1454371440465,"2017","Kusko","DOY_Total","Q2"
NA,NA,NA,NA,NA,NA,NA,NA,NA,NA,NA,NA,NA,NA,NA,NA,NA,NA,NA,NA,NA,NA,"19030401","North Fork Kuskokwim River","HUC8_Trimmed","/Users/benjaminmakhlouf/Spatial Data/HUC8_Trimmed.shp",248.723303519269,0.00609800589075907,1884947.19905091,0.000131952398265853,0.0307917097241743,88282.2689681992,0.281736419358302,"2017","Kusko","DOY_Total","Q2"
NA,NA,NA,NA,NA,NA,NA,NA,NA,NA,NA,NA,NA,NA,NA,NA,NA,NA,NA,NA,NA,NA,"19030406","Middle Fork Kuskokwim River","HUC8_Trimmed","/Users/benjaminmakhlouf/Spatial Data/HUC8_Trimmed.shp",3256.90584169617,0.0798503024336528,928823.473467058,0.00350648528459233,0.818254752882327,88282.2689681992,3.68919589376364,"2017","Kusko","DOY_Total","Q2"
NA,NA,NA,NA,NA,NA,NA,NA,NA,NA,NA,NA,NA,NA,NA,NA,NA,NA,NA,NA,NA,NA,"19030502","Kuskokwim Delta","HUC8_Trimmed","/Users/benjaminmakhlouf/Spatial Data/HUC8_Trimmed.shp",7102.63520193377,0.17413692520351,6220318.78018474,0.00114184424511485,0.266454698875254,88282.2689681992,8.04537002157507,"2017","Kusko","DOY_Total","Q2"
NA,NA,NA,NA,NA,NA,NA,NA,NA,NA,NA,NA,NA,NA,NA,NA,NA,NA,NA,NA,NA,NA,"19030407","South Fork Kuskokwim River","HUC8_Trimmed","/Users/benjaminmakhlouf/Spatial Data/HUC8_Trimmed.shp",686.989374868867,0.0168430749976537,725260.727941768,0.000947230903868858,0.221040764828941,88282.2689681992,0.7781736728089,"2017","Kusko","DOY_Total","Q2"
NA,NA,NA,NA,NA,NA,NA,NA,NA,NA,NA,NA,NA,NA,NA,NA,NA,NA,NA,NA,NA,NA,"19030501","Aniak","HUC8_Trimmed","/Users/benjaminmakhlouf/Spatial Data/HUC8_Trimmed.shp",7010.52858365177,0.171878726261495,1798877.0674296,0.00389716935669709,0.909422709662248,88282.2689681992,7.94103806527343,"2017","Kusko","DOY_Total","Q2"
NA,NA,NA,NA,NA,NA,NA,NA,NA,NA,NA,NA,NA,NA,NA,NA,NA,NA,NA,NA,NA,NA,"19030404","Holitna River","HUC8_Trimmed","/Users/benjaminmakhlouf/Spatial Data/HUC8_Trimmed.shp",5537.23994277827,0.203711759605521,2237206.12572435,0.00247506918522559,0.826967882738606,88282.2689681992,6.27219939801602,"2017","Kusko","DOY_Total","Q3"
NA,NA,NA,NA,NA,NA,NA,NA,NA,NA,NA,NA,NA,NA,NA,NA,NA,NA,NA,NA,NA,NA,"19030403","Takotna River","HUC8_Trimmed","/Users/benjaminmakhlouf/Spatial Data/HUC8_Trimmed.shp",1505.11436640313,0.0553722611185403,770363.487306015,0.00195377168207512,0.652792431389363,88282.2689681992,1.70488863051911,"2017","Kusko","DOY_Total","Q3"
NA,NA,NA,NA,NA,NA,NA,NA,NA,NA,NA,NA,NA,NA,NA,NA,NA,NA,NA,NA,NA,NA,"19030405","Stony River","HUC8_Trimmed","/Users/benjaminmakhlouf/Spatial Data/HUC8_Trimmed.shp",7136.40485034859,0.262544084118643,2914112.91565278,0.00244891157511993,0.818228125653955,88282.2689681992,8.08362192516739,"2017","Kusko","DOY_Total","Q3"
NA,NA,NA,NA,NA,NA,NA,NA,NA,NA,NA,NA,NA,NA,NA,NA,NA,NA,NA,NA,NA,NA,"19030401","North Fork Kuskokwim River","HUC8_Trimmed","/Users/benjaminmakhlouf/Spatial Data/HUC8_Trimmed.shp",187.517800342638,0.00689866819207932,1884947.19905091,9.94817257677325e-05,0.0332387444441582,88282.2689681992,0.212407092085711,"2017","Kusko","DOY_Total","Q3"
NA,NA,NA,NA,NA,NA,NA,NA,NA,NA,NA,NA,NA,NA,NA,NA,NA,NA,NA,NA,NA,NA,"19030406","Middle Fork Kuskokwim River","HUC8_Trimmed","/Users/benjaminmakhlouf/Spatial Data/HUC8_Trimmed.shp",1479.67805780058,0.0544364744745009,928823.473467058,0.00159306703595391,0.532274120516512,88282.2689681992,1.67607615333673,"2017","Kusko","DOY_Total","Q3"
NA,NA,NA,NA,NA,NA,NA,NA,NA,NA,NA,NA,NA,NA,NA,NA,NA,NA,NA,NA,NA,NA,"19030502","Kuskokwim Delta","HUC8_Trimmed","/Users/benjaminmakhlouf/Spatial Data/HUC8_Trimmed.shp",5582.35884991112,0.205371657326857,6220318.78018474,0.000897439351130059,0.299851626176942,88282.2689681992,6.32330695071055,"2017","Kusko","DOY_Total","Q3"
NA,NA,NA,NA,NA,NA,NA,NA,NA,NA,NA,NA,NA,NA,NA,NA,NA,NA,NA,NA,NA,NA,"19030407","South Fork Kuskokwim River","HUC8_Trimmed","/Users/benjaminmakhlouf/Spatial Data/HUC8_Trimmed.shp",369.485756955964,0.0135931609387532,725260.727941768,0.000509452315175724,0.170217747831865,88282.2689681992,0.41852770808265,"2017","Kusko","DOY_Total","Q3"
NA,NA,NA,NA,NA,NA,NA,NA,NA,NA,NA,NA,NA,NA,NA,NA,NA,NA,NA,NA,NA,NA,"19030501","Aniak","HUC8_Trimmed","/Users/benjaminmakhlouf/Spatial Data/HUC8_Trimmed.shp",5383.93967956711,0.198071934225105,1798877.0674296,0.00299294475261735,1,88282.2689681992,6.09855154663787,"2017","Kusko","DOY_Total","Q3"
NA,NA,NA,NA,NA,NA,NA,NA,NA,NA,NA,NA,NA,NA,NA,NA,NA,NA,NA,NA,NA,NA,"19030404","Holitna River","HUC8_Trimmed","/Users/benjaminmakhlouf/Spatial Data/HUC8_Trimmed.shp",1993.09653708037,0.182994734527165,2237206.12572435,0.000890886411476749,0.586833806959647,88282.2689681992,2.25764081550545,"2017","Kusko","DOY_Total","Q4"
NA,NA,NA,NA,NA,NA,NA,NA,NA,NA,NA,NA,NA,NA,NA,NA,NA,NA,NA,NA,NA,NA,"19030403","Takotna River","HUC8_Trimmed","/Users/benjaminmakhlouf/Spatial Data/HUC8_Trimmed.shp",506.596167835874,0.0465127651977186,770363.487306015,0.000657606670336176,0.433170627438073,88282.2689681992,0.573836823358446,"2017","Kusko","DOY_Total","Q4"
NA,NA,NA,NA,NA,NA,NA,NA,NA,NA,NA,NA,NA,NA,NA,NA,NA,NA,NA,NA,NA,NA,"19030405","Stony River","HUC8_Trimmed","/Users/benjaminmakhlouf/Spatial Data/HUC8_Trimmed.shp",2213.84190755668,0.2032623129996,2914112.91565278,0.000759696680133879,0.500418110765185,88282.2689681992,2.50768578269566,"2017","Kusko","DOY_Total","Q4"
NA,NA,NA,NA,NA,NA,NA,NA,NA,NA,NA,NA,NA,NA,NA,NA,NA,NA,NA,NA,NA,NA,"19030401","North Fork Kuskokwim River","HUC8_Trimmed","/Users/benjaminmakhlouf/Spatial Data/HUC8_Trimmed.shp",55.9441611773617,0.00513647318759225,1884947.19905091,2.96794314480163e-05,0.019550072288303,88282.2689681992,0.0633696458317284,"2017","Kusko","DOY_Total","Q4"
NA,NA,NA,NA,NA,NA,NA,NA,NA,NA,NA,NA,NA,NA,NA,NA,NA,NA,NA,NA,NA,NA,"19030406","Middle Fork Kuskokwim River","HUC8_Trimmed","/Users/benjaminmakhlouf/Spatial Data/HUC8_Trimmed.shp",247.799032359143,0.0227514911089434,928823.473467058,0.00026678808130696,0.175735383757068,88282.2689681992,0.280689469420416,"2017","Kusko","DOY_Total","Q4"
NA,NA,NA,NA,NA,NA,NA,NA,NA,NA,NA,NA,NA,NA,NA,NA,NA,NA,NA,NA,NA,NA,"19030502","Kuskokwim Delta","HUC8_Trimmed","/Users/benjaminmakhlouf/Spatial Data/HUC8_Trimmed.shp",3047.2481605633,0.279780912668451,6220318.78018474,0.000489886172758624,0.322691831453911,88282.2689681992,3.45171028812249,"2017","Kusko","DOY_Total","Q4"
NA,NA,NA,NA,NA,NA,NA,NA,NA,NA,NA,NA,NA,NA,NA,NA,NA,NA,NA,NA,NA,NA,"19030407","South Fork Kuskokwim River","HUC8_Trimmed","/Users/benjaminmakhlouf/Spatial Data/HUC8_Trimmed.shp",96.1071048213666,0.00882400516270191,725260.727941768,0.000132513868625027,0.0872879157189889,88282.2689681992,0.10886342857362,"2017","Kusko","DOY_Total","Q4"
NA,NA,NA,NA,NA,NA,NA,NA,NA,NA,NA,NA,NA,NA,NA,NA,NA,NA,NA,NA,NA,NA,"19030501","Aniak","HUC8_Trimmed","/Users/benjaminmakhlouf/Spatial Data/HUC8_Trimmed.shp",2730.91821957758,0.250737305147828,1798877.0674296,0.00151812387239989,1,88282.2689681992,3.09339378280061,"2017","Kusko","DOY_Total","Q4"
NA,NA,NA,NA,NA,NA,NA,NA,NA,NA,NA,NA,NA,NA,NA,NA,NA,NA,NA,NA,NA,NA,"19030404","Holitna River","HUC8_Trimmed","/Users/benjaminmakhlouf/Spatial Data/HUC8_Trimmed.shp",1703.66517742,0.174704513724794,2237206.12572435,0.000761514622113059,0.67138324293078,88282.2689681992,1.92979314796915,"2017","Kusko","Cumulative_DOY_Total","Q1"
NA,NA,NA,NA,NA,NA,NA,NA,NA,NA,NA,NA,NA,NA,NA,NA,NA,NA,NA,NA,NA,NA,"19030403","Takotna River","HUC8_Trimmed","/Users/benjaminmakhlouf/Spatial Data/HUC8_Trimmed.shp",474.131574098317,0.0486204256518633,770363.487306015,0.000615464753861024,0.542619551033993,88282.2689681992,0.537063194727253,"2017","Kusko","Cumulative_DOY_Total","Q1"
NA,NA,NA,NA,NA,NA,NA,NA,NA,NA,NA,NA,NA,NA,NA,NA,NA,NA,NA,NA,NA,NA,"19030405","Stony River","HUC8_Trimmed","/Users/benjaminmakhlouf/Spatial Data/HUC8_Trimmed.shp",3305.32466981293,0.338948724664737,2914112.91565278,0.00113424728741937,1,88282.2689681992,3.74404136690637,"2017","Kusko","Cumulative_DOY_Total","Q1"
NA,NA,NA,NA,NA,NA,NA,NA,NA,NA,NA,NA,NA,NA,NA,NA,NA,NA,NA,NA,NA,NA,"19030401","North Fork Kuskokwim River","HUC8_Trimmed","/Users/benjaminmakhlouf/Spatial Data/HUC8_Trimmed.shp",143.798940672459,0.0147460453716424,1884947.19905091,7.62880470842173e-05,0.0672587432479447,88282.2689681992,0.162885415557521,"2017","Kusko","Cumulative_DOY_Total","Q1"
NA,NA,NA,NA,NA,NA,NA,NA,NA,NA,NA,NA,NA,NA,NA,NA,NA,NA,NA,NA,NA,NA,"19030406","Middle Fork Kuskokwim River","HUC8_Trimmed","/Users/benjaminmakhlouf/Spatial Data/HUC8_Trimmed.shp",984.18773196558,0.100924783464401,928823.473467058,0.00105960686834481,0.934193874737509,88282.2689681992,1.11481925359225,"2017","Kusko","Cumulative_DOY_Total","Q1"
NA,NA,NA,NA,NA,NA,NA,NA,NA,NA,NA,NA,NA,NA,NA,NA,NA,NA,NA,NA,NA,NA,"19030502","Kuskokwim Delta","HUC8_Trimmed","/Users/benjaminmakhlouf/Spatial Data/HUC8_Trimmed.shp",1533.06380628721,0.157209979012478,6220318.78018474,0.000246460649439847,0.217290049686248,88282.2689681992,1.73654780762312,"2017","Kusko","Cumulative_DOY_Total","Q1"
NA,NA,NA,NA,NA,NA,NA,NA,NA,NA,NA,NA,NA,NA,NA,NA,NA,NA,NA,NA,NA,NA,"19030407","South Fork Kuskokwim River","HUC8_Trimmed","/Users/benjaminmakhlouf/Spatial Data/HUC8_Trimmed.shp",185.809047961648,0.0190540252862162,725260.727941768,0.000256196207519686,0.225873326179674,88282.2689681992,0.210471536508174,"2017","Kusko","Cumulative_DOY_Total","Q1"
NA,NA,NA,NA,NA,NA,NA,NA,NA,NA,NA,NA,NA,NA,NA,NA,NA,NA,NA,NA,NA,NA,"19030501","Aniak","HUC8_Trimmed","/Users/benjaminmakhlouf/Spatial Data/HUC8_Trimmed.shp",1421.71430622575,0.145791502823867,1798877.0674296,0.000790334332438416,0.696791908787876,88282.2689681992,1.61041885629138,"2017","Kusko","Cumulative_DOY_Total","Q1"
NA,NA,NA,NA,NA,NA,NA,NA,NA,NA,NA,NA,NA,NA,NA,NA,NA,NA,NA,NA,NA,NA,"19030404","Holitna River","HUC8_Trimmed","/Users/benjaminmakhlouf/Spatial Data/HUC8_Trimmed.shp",9527.96417718095,0.188525691161375,2237206.12572435,0.004258867373741,0.785831302261079,88282.2689681992,10.7926136114751,"2017","Kusko","Cumulative_DOY_Total","Q2"
NA,NA,NA,NA,NA,NA,NA,NA,NA,NA,NA,NA,NA,NA,NA,NA,NA,NA,NA,NA,NA,NA,"19030403","Takotna River","HUC8_Trimmed","/Users/benjaminmakhlouf/Spatial Data/HUC8_Trimmed.shp",2643.78306479354,0.0523113878581361,770363.487306015,0.00343186444887066,0.633235616978276,88282.2689681992,2.99469315378139,"2017","Kusko","Cumulative_DOY_Total","Q2"
NA,NA,NA,NA,NA,NA,NA,NA,NA,NA,NA,NA,NA,NA,NA,NA,NA,NA,NA,NA,NA,NA,"19030405","Stony River","HUC8_Trimmed","/Users/benjaminmakhlouf/Spatial Data/HUC8_Trimmed.shp",15793.2375360477,0.31249393540857,2914112.91565278,0.00541956952018445,1,88282.2689681992,17.8894785109529,"2017","Kusko","Cumulative_DOY_Total","Q2"
NA,NA,NA,NA,NA,NA,NA,NA,NA,NA,NA,NA,NA,NA,NA,NA,NA,NA,NA,NA,NA,NA,"19030401","North Fork Kuskokwim River","HUC8_Trimmed","/Users/benjaminmakhlouf/Spatial Data/HUC8_Trimmed.shp",392.522244191729,0.00776666725507717,1884947.19905091,0.00020824044535007,0.0384237981586004,88282.2689681992,0.444621834915822,"2017","Kusko","Cumulative_DOY_Total","Q2"
NA,NA,NA,NA,NA,NA,NA,NA,NA,NA,NA,NA,NA,NA,NA,NA,NA,NA,NA,NA,NA,NA,"19030406","Middle Fork Kuskokwim River","HUC8_Trimmed","/Users/benjaminmakhlouf/Spatial Data/HUC8_Trimmed.shp",4241.09357366175,0.0839166775174855,928823.473467058,0.00456609215293714,0.842519343267274,88282.2689681992,4.80401514735589,"2017","Kusko","Cumulative_DOY_Total","Q2"
NA,NA,NA,NA,NA,NA,NA,NA,NA,NA,NA,NA,NA,NA,NA,NA,NA,NA,NA,NA,NA,NA,"19030502","Kuskokwim Delta","HUC8_Trimmed","/Users/benjaminmakhlouf/Spatial Data/HUC8_Trimmed.shp",8635.69900822098,0.170870827588287,6220318.78018474,0.0013883048945547,0.2561651602372,88282.2689681992,9.78191782919819,"2017","Kusko","Cumulative_DOY_Total","Q2"
NA,NA,NA,NA,NA,NA,NA,NA,NA,NA,NA,NA,NA,NA,NA,NA,NA,NA,NA,NA,NA,NA,"19030407","South Fork Kuskokwim River","HUC8_Trimmed","/Users/benjaminmakhlouf/Spatial Data/HUC8_Trimmed.shp",872.798422830515,0.0172696835177822,725260.727941768,0.00120342711138854,0.22205215873817,88282.2689681992,0.988645209317074,"2017","Kusko","Cumulative_DOY_Total","Q2"
NA,NA,NA,NA,NA,NA,NA,NA,NA,NA,NA,NA,NA,NA,NA,NA,NA,NA,NA,NA,NA,NA,"19030501","Aniak","HUC8_Trimmed","/Users/benjaminmakhlouf/Spatial Data/HUC8_Trimmed.shp",8432.24288987752,0.166845129693287,1798877.0674296,0.00468750368913551,0.864921775000308,88282.2689681992,9.55145692156481,"2017","Kusko","Cumulative_DOY_Total","Q2"
NA,NA,NA,NA,NA,NA,NA,NA,NA,NA,NA,NA,NA,NA,NA,NA,NA,NA,NA,NA,NA,NA,"19030404","Holitna River","HUC8_Trimmed","/Users/benjaminmakhlouf/Spatial Data/HUC8_Trimmed.shp",15065.2041199592,0.193836782468004,2237206.12572435,0.0067339365589666,0.855811493654748,88282.2689681992,17.0648130094912,"2017","Kusko","Cumulative_DOY_Total","Q3"
NA,NA,NA,NA,NA,NA,NA,NA,NA,NA,NA,NA,NA,NA,NA,NA,NA,NA,NA,NA,NA,NA,"19030403","Takotna River","HUC8_Trimmed","/Users/benjaminmakhlouf/Spatial Data/HUC8_Trimmed.shp",4148.89743119666,0.0533818806867321,770363.487306015,0.00538563613094578,0.68445689399441,88282.2689681992,4.6995817843005,"2017","Kusko","Cumulative_DOY_Total","Q3"
NA,NA,NA,NA,NA,NA,NA,NA,NA,NA,NA,NA,NA,NA,NA,NA,NA,NA,NA,NA,NA,NA,"19030405","Stony River","HUC8_Trimmed","/Users/benjaminmakhlouf/Spatial Data/HUC8_Trimmed.shp",22929.6423863963,0.295024751601776,2914112.91565278,0.00786848109530439,1,88282.2689681992,25.9731004361203,"2017","Kusko","Cumulative_DOY_Total","Q3"
NA,NA,NA,NA,NA,NA,NA,NA,NA,NA,NA,NA,NA,NA,NA,NA,NA,NA,NA,NA,NA,NA,"19030401","North Fork Kuskokwim River","HUC8_Trimmed","/Users/benjaminmakhlouf/Spatial Data/HUC8_Trimmed.shp",580.040044534367,0.00746309807951303,1884947.19905091,0.000307722171117803,0.0391082049242565,88282.2689681992,0.657028927001533,"2017","Kusko","Cumulative_DOY_Total","Q3"
NA,NA,NA,NA,NA,NA,NA,NA,NA,NA,NA,NA,NA,NA,NA,NA,NA,NA,NA,NA,NA,NA,"19030406","Middle Fork Kuskokwim River","HUC8_Trimmed","/Users/benjaminmakhlouf/Spatial Data/HUC8_Trimmed.shp",5720.77163146233,0.0736064348977367,928823.473467058,0.00615915918889105,0.782763422100182,88282.2689681992,6.48009130069262,"2017","Kusko","Cumulative_DOY_Total","Q3"
NA,NA,NA,NA,NA,NA,NA,NA,NA,NA,NA,NA,NA,NA,NA,NA,NA,NA,NA,NA,NA,NA,"19030502","Kuskokwim Delta","HUC8_Trimmed","/Users/benjaminmakhlouf/Spatial Data/HUC8_Trimmed.shp",14218.0578581321,0.182936956327924,6220318.78018474,0.00228574424568476,0.29049370748934,88282.2689681992,16.1052247799087,"2017","Kusko","Cumulative_DOY_Total","Q3"
NA,NA,NA,NA,NA,NA,NA,NA,NA,NA,NA,NA,NA,NA,NA,NA,NA,NA,NA,NA,NA,NA,"19030407","South Fork Kuskokwim River","HUC8_Trimmed","/Users/benjaminmakhlouf/Spatial Data/HUC8_Trimmed.shp",1242.28417978648,0.0159838769128716,725260.727941768,0.00171287942656427,0.217688700756547,88282.2689681992,1.40717291739972,"2017","Kusko","Cumulative_DOY_Total","Q3"
NA,NA,NA,NA,NA,NA,NA,NA,NA,NA,NA,NA,NA,NA,NA,NA,NA,NA,NA,NA,NA,NA,"19030501","Aniak","HUC8_Trimmed","/Users/benjaminmakhlouf/Spatial Data/HUC8_Trimmed.shp",13816.1825694446,0.177766219025442,1798877.0674296,0.00768044844175285,0.976103055815468,88282.2689681992,15.6500084682027,"2017","Kusko","Cumulative_DOY_Total","Q3"
NA,NA,NA,NA,NA,NA,NA,NA,NA,NA,NA,NA,NA,NA,NA,NA,NA,NA,NA,NA,NA,NA,"19030404","Holitna River","HUC8_Trimmed","/Users/benjaminmakhlouf/Spatial Data/HUC8_Trimmed.shp",17058.3006570396,0.192504165218837,2237206.12572435,0.00762482297044335,0.82891373900621,88282.2689681992,19.3224538249966,"2017","Kusko","Cumulative_DOY_Total","Q4"
NA,NA,NA,NA,NA,NA,NA,NA,NA,NA,NA,NA,NA,NA,NA,NA,NA,NA,NA,NA,NA,NA,"19030403","Takotna River","HUC8_Trimmed","/Users/benjaminmakhlouf/Spatial Data/HUC8_Trimmed.shp",4655.49359903254,0.0525375843105189,770363.487306015,0.00604324280128195,0.656976169223994,88282.2689681992,5.27341860765895,"2017","Kusko","Cumulative_DOY_Total","Q4"
NA,NA,NA,NA,NA,NA,NA,NA,NA,NA,NA,NA,NA,NA,NA,NA,NA,NA,NA,NA,NA,NA,"19030405","Stony River","HUC8_Trimmed","/Users/benjaminmakhlouf/Spatial Data/HUC8_Trimmed.shp",25143.4842939529,0.283746051380733,2914112.91565278,0.00862817777543827,0.937990970855676,88282.2689681992,28.480786218816,"2017","Kusko","Cumulative_DOY_Total","Q4"
NA,NA,NA,NA,NA,NA,NA,NA,NA,NA,NA,NA,NA,NA,NA,NA,NA,NA,NA,NA,NA,NA,"19030401","North Fork Kuskokwim River","HUC8_Trimmed","/Users/benjaminmakhlouf/Spatial Data/HUC8_Trimmed.shp",635.984205711728,0.00717712807825188,1884947.19905091,0.000337401602565819,0.0366797793225694,88282.2689681992,0.720398572833262,"2017","Kusko","Cumulative_DOY_Total","Q4"
NA,NA,NA,NA,NA,NA,NA,NA,NA,NA,NA,NA,NA,NA,NA,NA,NA,NA,NA,NA,NA,NA,"19030406","Middle Fork Kuskokwim River","HUC8_Trimmed","/Users/benjaminmakhlouf/Spatial Data/HUC8_Trimmed.shp",5968.57066382148,0.0673557546140704,928823.473467058,0.00642594727019801,0.698580937425603,88282.2689681992,6.76078077011304,"2017","Kusko","Cumulative_DOY_Total","Q4"
NA,NA,NA,NA,NA,NA,NA,NA,NA,NA,NA,NA,NA,NA,NA,NA,NA,NA,NA,NA,NA,NA,"19030502","Kuskokwim Delta","HUC8_Trimmed","/Users/benjaminmakhlouf/Spatial Data/HUC8_Trimmed.shp",17265.3060186954,0.194840235800694,6220318.78018474,0.00277563041844338,0.301745784416224,88282.2689681992,19.5569350680312,"2017","Kusko","Cumulative_DOY_Total","Q4"
NA,NA,NA,NA,NA,NA,NA,NA,NA,NA,NA,NA,NA,NA,NA,NA,NA,NA,NA,NA,NA,NA,"19030407","South Fork Kuskokwim River","HUC8_Trimmed","/Users/benjaminmakhlouf/Spatial Data/HUC8_Trimmed.shp",1338.39128460785,0.0151038431177654,725260.727941768,0.0018453932951893,0.200617360190778,88282.2689681992,1.51603634597334,"2017","Kusko","Cumulative_DOY_Total","Q4"
NA,NA,NA,NA,NA,NA,NA,NA,NA,NA,NA,NA,NA,NA,NA,NA,NA,NA,NA,NA,NA,NA,"19030501","Aniak","HUC8_Trimmed","/Users/benjaminmakhlouf/Spatial Data/HUC8_Trimmed.shp",16547.1007890222,0.186735237479129,1798877.0674296,0.00919857231415274,1,88282.2689681992,18.7434022510033,"2017","Kusko","Cumulative_DOY_Total","Q4"
NA,NA,NA,NA,NA,NA,NA,NA,NA,NA,NA,NA,NA,NA,NA,NA,NA,NA,NA,NA,NA,NA,"19030404","Holitna River","HUC8_Trimmed","/Users/benjaminmakhlouf/Spatial Data/HUC8_Trimmed.shp",2263.8349077147,0.15496608450869,2237206.12572435,0.00101190269492121,0.497869335089609,91340.0938986243,2.47846790066503,"2019","Kusko","DOY_Total","Q1"
NA,NA,NA,NA,NA,NA,NA,NA,NA,NA,NA,NA,NA,NA,NA,NA,NA,NA,NA,NA,NA,NA,"19030403","Takotna River","HUC8_Trimmed","/Users/benjaminmakhlouf/Spatial Data/HUC8_Trimmed.shp",755.574311783552,0.0517212594670359,770363.487306015,0.000980802341016731,0.482567554990409,91340.0938986243,0.827209913559036,"2019","Kusko","DOY_Total","Q1"
NA,NA,NA,NA,NA,NA,NA,NA,NA,NA,NA,NA,NA,NA,NA,NA,NA,NA,NA,NA,NA,NA,"19030405","Stony River","HUC8_Trimmed","/Users/benjaminmakhlouf/Spatial Data/HUC8_Trimmed.shp",5495.31428323574,0.376170247536904,2914112.91565278,0.00188575887149684,0.927817981119783,91340.0938986243,6.0163221304927,"2019","Kusko","DOY_Total","Q1"
NA,NA,NA,NA,NA,NA,NA,NA,NA,NA,NA,NA,NA,NA,NA,NA,NA,NA,NA,NA,NA,NA,"19030401","North Fork Kuskokwim River","HUC8_Trimmed","/Users/benjaminmakhlouf/Spatial Data/HUC8_Trimmed.shp",108.191584621012,0.00740602867654949,1884947.19905091,5.73976738847049e-05,0.0282404048097662,91340.0938986243,0.118449171665064,"2019","Kusko","DOY_Total","Q1"
NA,NA,NA,NA,NA,NA,NA,NA,NA,NA,NA,NA,NA,NA,NA,NA,NA,NA,NA,NA,NA,NA,"19030406","Middle Fork Kuskokwim River","HUC8_Trimmed","/Users/benjaminmakhlouf/Spatial Data/HUC8_Trimmed.shp",1887.80250090765,0.129225572454261,928823.473467058,0.00203246639952043,1,91340.0938986243,2.06678405980496,"2019","Kusko","DOY_Total","Q1"
NA,NA,NA,NA,NA,NA,NA,NA,NA,NA,NA,NA,NA,NA,NA,NA,NA,NA,NA,NA,NA,NA,"19030502","Kuskokwim Delta","HUC8_Trimmed","/Users/benjaminmakhlouf/Spatial Data/HUC8_Trimmed.shp",2014.66417271221,0.137909622906344,6220318.78018474,0.000323884393052341,0.159355349307995,91340.0938986243,2.20567341976704,"2019","Kusko","DOY_Total","Q1"
NA,NA,NA,NA,NA,NA,NA,NA,NA,NA,NA,NA,NA,NA,NA,NA,NA,NA,NA,NA,NA,NA,"19030407","South Fork Kuskokwim River","HUC8_Trimmed","/Users/benjaminmakhlouf/Spatial Data/HUC8_Trimmed.shp",317.530376954909,0.0217358779395021,725260.727941768,0.000437815484447965,0.215410933509784,91340.0938986243,0.347635264429799,"2019","Kusko","DOY_Total","Q1"
NA,NA,NA,NA,NA,NA,NA,NA,NA,NA,NA,NA,NA,NA,NA,NA,NA,NA,NA,NA,NA,NA,"19030501","Aniak","HUC8_Trimmed","/Users/benjaminmakhlouf/Spatial Data/HUC8_Trimmed.shp",1765.67086197011,0.120865306510714,1798877.0674296,0.00098154059215011,0.482930784185023,91340.0938986243,1.93307318462993,"2019","Kusko","DOY_Total","Q1"
NA,NA,NA,NA,NA,NA,NA,NA,NA,NA,NA,NA,NA,NA,NA,NA,NA,NA,NA,NA,NA,NA,"19030404","Holitna River","HUC8_Trimmed","/Users/benjaminmakhlouf/Spatial Data/HUC8_Trimmed.shp",3704.91059219733,0.18029955824757,2237206.12572435,0.00165604346850149,0.689453347023576,91340.0938986243,4.05617121032228,"2019","Kusko","DOY_Total","Q2"
NA,NA,NA,NA,NA,NA,NA,NA,NA,NA,NA,NA,NA,NA,NA,NA,NA,NA,NA,NA,NA,NA,"19030403","Takotna River","HUC8_Trimmed","/Users/benjaminmakhlouf/Spatial Data/HUC8_Trimmed.shp",1119.91057124264,0.0545004734249407,770363.487306015,0.00145374305726639,0.60523050004934,91340.0938986243,1.22608870151327,"2019","Kusko","DOY_Total","Q2"
NA,NA,NA,NA,NA,NA,NA,NA,NA,NA,NA,NA,NA,NA,NA,NA,NA,NA,NA,NA,NA,NA,"19030405","Stony River","HUC8_Trimmed","/Users/benjaminmakhlouf/Spatial Data/HUC8_Trimmed.shp",6999.60001829913,0.340635694115502,2914112.91565278,0.00240196595701618,1,91340.0938986243,7.66322840226964,"2019","Kusko","DOY_Total","Q2"
NA,NA,NA,NA,NA,NA,NA,NA,NA,NA,NA,NA,NA,NA,NA,NA,NA,NA,NA,NA,NA,NA,"19030401","North Fork Kuskokwim River","HUC8_Trimmed","/Users/benjaminmakhlouf/Spatial Data/HUC8_Trimmed.shp",229.330006537303,0.0111603499848737,1884947.19905091,0.000121663888862655,0.050651795670656,91340.0938986243,0.251072663437186,"2019","Kusko","DOY_Total","Q2"
NA,NA,NA,NA,NA,NA,NA,NA,NA,NA,NA,NA,NA,NA,NA,NA,NA,NA,NA,NA,NA,NA,"19030406","Middle Fork Kuskokwim River","HUC8_Trimmed","/Users/benjaminmakhlouf/Spatial Data/HUC8_Trimmed.shp",2183.13459529831,0.106242294741537,928823.473467058,0.0023504300415118,0.978544277301752,91340.0938986243,2.39011643421487,"2019","Kusko","DOY_Total","Q2"
NA,NA,NA,NA,NA,NA,NA,NA,NA,NA,NA,NA,NA,NA,NA,NA,NA,NA,NA,NA,NA,NA,"19030502","Kuskokwim Delta","HUC8_Trimmed","/Users/benjaminmakhlouf/Spatial Data/HUC8_Trimmed.shp",2964.29100997828,0.144257289431469,6220318.78018474,0.000476549693790812,0.198399853419572,91340.0938986243,3.24533387634597,"2019","Kusko","DOY_Total","Q2"
NA,NA,NA,NA,NA,NA,NA,NA,NA,NA,NA,NA,NA,NA,NA,NA,NA,NA,NA,NA,NA,NA,"19030407","South Fork Kuskokwim River","HUC8_Trimmed","/Users/benjaminmakhlouf/Spatial Data/HUC8_Trimmed.shp",385.253600525718,0.0187483752332269,725260.727941768,0.000531193246350229,0.221149365085132,91340.0938986243,0.42177929108908,"2019","Kusko","DOY_Total","Q2"
NA,NA,NA,NA,NA,NA,NA,NA,NA,NA,NA,NA,NA,NA,NA,NA,NA,NA,NA,NA,NA,NA,"19030501","Aniak","HUC8_Trimmed","/Users/benjaminmakhlouf/Spatial Data/HUC8_Trimmed.shp",2962.20892710097,0.144155964820882,1798877.0674296,0.00164669892164096,0.685562972627037,91340.0938986243,3.24305439228981,"2019","Kusko","DOY_Total","Q2"
NA,NA,NA,NA,NA,NA,NA,NA,NA,NA,NA,NA,NA,NA,NA,NA,NA,NA,NA,NA,NA,NA,"19030404","Holitna River","HUC8_Trimmed","/Users/benjaminmakhlouf/Spatial Data/HUC8_Trimmed.shp",8910.12834645801,0.245134673998609,2237206.12572435,0.00398270335665791,0.96118406446577,91340.0938986243,9.75489291301485,"2019","Kusko","DOY_Total","Q3"
NA,NA,NA,NA,NA,NA,NA,NA,NA,NA,NA,NA,NA,NA,NA,NA,NA,NA,NA,NA,NA,NA,"19030403","Takotna River","HUC8_Trimmed","/Users/benjaminmakhlouf/Spatial Data/HUC8_Trimmed.shp",2311.80942682688,0.063602299333589,770363.487306015,0.00300093328009528,0.724244059636184,91340.0938986243,2.53099085861757,"2019","Kusko","DOY_Total","Q3"
NA,NA,NA,NA,NA,NA,NA,NA,NA,NA,NA,NA,NA,NA,NA,NA,NA,NA,NA,NA,NA,NA,"19030405","Stony River","HUC8_Trimmed","/Users/benjaminmakhlouf/Spatial Data/HUC8_Trimmed.shp",8593.25729394103,0.236416945236686,2914112.91565278,0.00294884156608464,0.711672265828333,91340.0938986243,9.40797948322501,"2019","Kusko","DOY_Total","Q3"
NA,NA,NA,NA,NA,NA,NA,NA,NA,NA,NA,NA,NA,NA,NA,NA,NA,NA,NA,NA,NA,NA,"19030401","North Fork Kuskokwim River","HUC8_Trimmed","/Users/benjaminmakhlouf/Spatial Data/HUC8_Trimmed.shp",78.688794771155,0.00216487925914541,1884947.19905091,4.17458880602998e-05,0.01007493623482,91340.0938986243,0.0861492378784823,"2019","Kusko","DOY_Total","Q3"
NA,NA,NA,NA,NA,NA,NA,NA,NA,NA,NA,NA,NA,NA,NA,NA,NA,NA,NA,NA,NA,NA,"19030406","Middle Fork Kuskokwim River","HUC8_Trimmed","/Users/benjaminmakhlouf/Spatial Data/HUC8_Trimmed.shp",1392.97572788742,0.0383234267415911,928823.473467058,0.00149972063333822,0.361941988851726,91340.0938986243,1.52504302156011,"2019","Kusko","DOY_Total","Q3"
NA,NA,NA,NA,NA,NA,NA,NA,NA,NA,NA,NA,NA,NA,NA,NA,NA,NA,NA,NA,NA,NA,"19030502","Kuskokwim Delta","HUC8_Trimmed","/Users/benjaminmakhlouf/Spatial Data/HUC8_Trimmed.shp",7187.39518364498,0.197738989466114,6220318.78018474,0.00115547055346117,0.27886080972857,91340.0938986243,7.86882832814038,"2019","Kusko","DOY_Total","Q3"
NA,NA,NA,NA,NA,NA,NA,NA,NA,NA,NA,NA,NA,NA,NA,NA,NA,NA,NA,NA,NA,NA,"19030407","South Fork Kuskokwim River","HUC8_Trimmed","/Users/benjaminmakhlouf/Spatial Data/HUC8_Trimmed.shp",419.919241448688,0.0115527815487851,725260.727941768,0.000578990734325827,0.139733396507422,91340.0938986243,0.459731563134525,"2019","Kusko","DOY_Total","Q3"
NA,NA,NA,NA,NA,NA,NA,NA,NA,NA,NA,NA,NA,NA,NA,NA,NA,NA,NA,NA,NA,NA,"19030501","Aniak","HUC8_Trimmed","/Users/benjaminmakhlouf/Spatial Data/HUC8_Trimmed.shp",7453.71672245608,0.20506600441548,1798877.0674296,0.00414353868722482,1,91340.0938986243,8.16039967150542,"2019","Kusko","DOY_Total","Q3"
NA,NA,NA,NA,NA,NA,NA,NA,NA,NA,NA,NA,NA,NA,NA,NA,NA,NA,NA,NA,NA,NA,"19030404","Holitna River","HUC8_Trimmed","/Users/benjaminmakhlouf/Spatial Data/HUC8_Trimmed.shp",4775.10977421552,0.23669807430964,2237206.12572435,0.00213440760746597,0.849891998841572,91340.0938986243,5.22783541203195,"2019","Kusko","DOY_Total","Q4"
NA,NA,NA,NA,NA,NA,NA,NA,NA,NA,NA,NA,NA,NA,NA,NA,NA,NA,NA,NA,NA,NA,"19030403","Takotna River","HUC8_Trimmed","/Users/benjaminmakhlouf/Spatial Data/HUC8_Trimmed.shp",1040.69765893829,0.0515864856425655,770363.487306015,0.0013509176850757,0.537916997495393,91340.0938986243,1.13936565479485,"2019","Kusko","DOY_Total","Q4"
NA,NA,NA,NA,NA,NA,NA,NA,NA,NA,NA,NA,NA,NA,NA,NA,NA,NA,NA,NA,NA,NA,"19030405","Stony River","HUC8_Trimmed","/Users/benjaminmakhlouf/Spatial Data/HUC8_Trimmed.shp",4592.25672020829,0.227634206082179,2914112.91565278,0.00157586780372908,0.627489066725854,91340.0938986243,5.02764615646783,"2019","Kusko","DOY_Total","Q4"
NA,NA,NA,NA,NA,NA,NA,NA,NA,NA,NA,NA,NA,NA,NA,NA,NA,NA,NA,NA,NA,NA,"19030401","North Fork Kuskokwim River","HUC8_Trimmed","/Users/benjaminmakhlouf/Spatial Data/HUC8_Trimmed.shp",62.2002782293699,0.00308321416146593,1884947.19905091,3.29984194043676e-05,0.0131395205527245,91340.0938986243,0.0680974537845387,"2019","Kusko","DOY_Total","Q4"
NA,NA,NA,NA,NA,NA,NA,NA,NA,NA,NA,NA,NA,NA,NA,NA,NA,NA,NA,NA,NA,NA,"19030406","Middle Fork Kuskokwim River","HUC8_Trimmed","/Users/benjaminmakhlouf/Spatial Data/HUC8_Trimmed.shp",741.795371805473,0.0367701569891142,928823.473467058,0.000798639777089765,0.318007466863862,91340.0938986243,0.81212459955293,"2019","Kusko","DOY_Total","Q4"
NA,NA,NA,NA,NA,NA,NA,NA,NA,NA,NA,NA,NA,NA,NA,NA,NA,NA,NA,NA,NA,NA,"19030502","Kuskokwim Delta","HUC8_Trimmed","/Users/benjaminmakhlouf/Spatial Data/HUC8_Trimmed.shp",4242.09053197363,0.210276770051903,6220318.78018474,0.000681973172417964,0.271552416059252,91340.0938986243,4.64428089671312,"2019","Kusko","DOY_Total","Q4"
NA,NA,NA,NA,NA,NA,NA,NA,NA,NA,NA,NA,NA,NA,NA,NA,NA,NA,NA,NA,NA,NA,"19030407","South Fork Kuskokwim River","HUC8_Trimmed","/Users/benjaminmakhlouf/Spatial Data/HUC8_Trimmed.shp",202.016350672259,0.0100137763201559,725260.727941768,0.000278543071324936,0.110912052048425,91340.0938986243,0.221169414273288,"2019","Kusko","DOY_Total","Q4"
NA,NA,NA,NA,NA,NA,NA,NA,NA,NA,NA,NA,NA,NA,NA,NA,NA,NA,NA,NA,NA,NA,"19030501","Aniak","HUC8_Trimmed","/Users/benjaminmakhlouf/Spatial Data/HUC8_Trimmed.shp",4517.67624927781,0.223937316442977,1798877.0674296,0.00251138687077326,1,91340.0938986243,4.94599475044535,"2019","Kusko","DOY_Total","Q4"
NA,NA,NA,NA,NA,NA,NA,NA,NA,NA,NA,NA,NA,NA,NA,NA,NA,NA,NA,NA,NA,NA,"19030404","Holitna River","HUC8_Trimmed","/Users/benjaminmakhlouf/Spatial Data/HUC8_Trimmed.shp",2263.8349077147,0.15496608450869,2237206.12572435,0.00101190269492121,0.497869335089609,91340.0938986243,2.47846790066503,"2019","Kusko","Cumulative_DOY_Total","Q1"
NA,NA,NA,NA,NA,NA,NA,NA,NA,NA,NA,NA,NA,NA,NA,NA,NA,NA,NA,NA,NA,NA,"19030403","Takotna River","HUC8_Trimmed","/Users/benjaminmakhlouf/Spatial Data/HUC8_Trimmed.shp",755.574311783552,0.0517212594670359,770363.487306015,0.000980802341016731,0.482567554990409,91340.0938986243,0.827209913559036,"2019","Kusko","Cumulative_DOY_Total","Q1"
NA,NA,NA,NA,NA,NA,NA,NA,NA,NA,NA,NA,NA,NA,NA,NA,NA,NA,NA,NA,NA,NA,"19030405","Stony River","HUC8_Trimmed","/Users/benjaminmakhlouf/Spatial Data/HUC8_Trimmed.shp",5495.31428323574,0.376170247536904,2914112.91565278,0.00188575887149684,0.927817981119783,91340.0938986243,6.0163221304927,"2019","Kusko","Cumulative_DOY_Total","Q1"
NA,NA,NA,NA,NA,NA,NA,NA,NA,NA,NA,NA,NA,NA,NA,NA,NA,NA,NA,NA,NA,NA,"19030401","North Fork Kuskokwim River","HUC8_Trimmed","/Users/benjaminmakhlouf/Spatial Data/HUC8_Trimmed.shp",108.191584621012,0.00740602867654949,1884947.19905091,5.73976738847049e-05,0.0282404048097662,91340.0938986243,0.118449171665064,"2019","Kusko","Cumulative_DOY_Total","Q1"
NA,NA,NA,NA,NA,NA,NA,NA,NA,NA,NA,NA,NA,NA,NA,NA,NA,NA,NA,NA,NA,NA,"19030406","Middle Fork Kuskokwim River","HUC8_Trimmed","/Users/benjaminmakhlouf/Spatial Data/HUC8_Trimmed.shp",1887.80250090765,0.129225572454261,928823.473467058,0.00203246639952043,1,91340.0938986243,2.06678405980496,"2019","Kusko","Cumulative_DOY_Total","Q1"
NA,NA,NA,NA,NA,NA,NA,NA,NA,NA,NA,NA,NA,NA,NA,NA,NA,NA,NA,NA,NA,NA,"19030502","Kuskokwim Delta","HUC8_Trimmed","/Users/benjaminmakhlouf/Spatial Data/HUC8_Trimmed.shp",2014.66417271221,0.137909622906344,6220318.78018474,0.000323884393052341,0.159355349307995,91340.0938986243,2.20567341976704,"2019","Kusko","Cumulative_DOY_Total","Q1"
NA,NA,NA,NA,NA,NA,NA,NA,NA,NA,NA,NA,NA,NA,NA,NA,NA,NA,NA,NA,NA,NA,"19030407","South Fork Kuskokwim River","HUC8_Trimmed","/Users/benjaminmakhlouf/Spatial Data/HUC8_Trimmed.shp",317.530376954909,0.0217358779395021,725260.727941768,0.000437815484447965,0.215410933509784,91340.0938986243,0.347635264429799,"2019","Kusko","Cumulative_DOY_Total","Q1"
NA,NA,NA,NA,NA,NA,NA,NA,NA,NA,NA,NA,NA,NA,NA,NA,NA,NA,NA,NA,NA,NA,"19030501","Aniak","HUC8_Trimmed","/Users/benjaminmakhlouf/Spatial Data/HUC8_Trimmed.shp",1765.67086197011,0.120865306510714,1798877.0674296,0.00098154059215011,0.482930784185023,91340.0938986243,1.93307318462993,"2019","Kusko","Cumulative_DOY_Total","Q1"
NA,NA,NA,NA,NA,NA,NA,NA,NA,NA,NA,NA,NA,NA,NA,NA,NA,NA,NA,NA,NA,NA,"19030404","Holitna River","HUC8_Trimmed","/Users/benjaminmakhlouf/Spatial Data/HUC8_Trimmed.shp",5968.74549991203,0.169772954342109,2237206.12572435,0.0026679461634227,0.608717591053636,91340.0938986243,6.53463911098731,"2019","Kusko","Cumulative_DOY_Total","Q2"
NA,NA,NA,NA,NA,NA,NA,NA,NA,NA,NA,NA,NA,NA,NA,NA,NA,NA,NA,NA,NA,NA,"19030403","Takotna River","HUC8_Trimmed","/Users/benjaminmakhlouf/Spatial Data/HUC8_Trimmed.shp",1875.4848830262,0.053345650173896,770363.487306015,0.00243454539828312,0.555464960451987,91340.0938986243,2.05329861507231,"2019","Kusko","Cumulative_DOY_Total","Q2"
NA,NA,NA,NA,NA,NA,NA,NA,NA,NA,NA,NA,NA,NA,NA,NA,NA,NA,NA,NA,NA,NA,"19030405","Stony River","HUC8_Trimmed","/Users/benjaminmakhlouf/Spatial Data/HUC8_Trimmed.shp",12494.9143015349,0.355401066313568,2914112.91565278,0.00428772482851301,0.978285680759364,91340.0938986243,13.6795505327623,"2019","Kusko","Cumulative_DOY_Total","Q2"
NA,NA,NA,NA,NA,NA,NA,NA,NA,NA,NA,NA,NA,NA,NA,NA,NA,NA,NA,NA,NA,NA,"19030401","North Fork Kuskokwim River","HUC8_Trimmed","/Users/benjaminmakhlouf/Spatial Data/HUC8_Trimmed.shp",337.521591158314,0.00960034863038492,1884947.19905091,0.00017906156274736,0.0408546186651831,91340.0938986243,0.36952183510225,"2019","Kusko","Cumulative_DOY_Total","Q2"
NA,NA,NA,NA,NA,NA,NA,NA,NA,NA,NA,NA,NA,NA,NA,NA,NA,NA,NA,NA,NA,NA,"19030406","Middle Fork Kuskokwim River","HUC8_Trimmed","/Users/benjaminmakhlouf/Spatial Data/HUC8_Trimmed.shp",4070.93709620596,0.115792341585675,928823.473467058,0.00438289644103223,1,91340.0938986243,4.45690049401983,"2019","Kusko","Cumulative_DOY_Total","Q2"
NA,NA,NA,NA,NA,NA,NA,NA,NA,NA,NA,NA,NA,NA,NA,NA,NA,NA,NA,NA,NA,NA,"19030502","Kuskokwim Delta","HUC8_Trimmed","/Users/benjaminmakhlouf/Spatial Data/HUC8_Trimmed.shp",4978.95518269049,0.141619697290625,6220318.78018474,0.000800434086843153,0.182626739557333,91340.0938986243,5.45100729611302,"2019","Kusko","Cumulative_DOY_Total","Q2"
NA,NA,NA,NA,NA,NA,NA,NA,NA,NA,NA,NA,NA,NA,NA,NA,NA,NA,NA,NA,NA,NA,"19030407","South Fork Kuskokwim River","HUC8_Trimmed","/Users/benjaminmakhlouf/Spatial Data/HUC8_Trimmed.shp",702.783977480627,0.0199897469448049,725260.727941768,0.000969008730798194,0.221088666783553,91340.0938986243,0.769414555518879,"2019","Kusko","Cumulative_DOY_Total","Q2"
NA,NA,NA,NA,NA,NA,NA,NA,NA,NA,NA,NA,NA,NA,NA,NA,NA,NA,NA,NA,NA,NA,"19030501","Aniak","HUC8_Trimmed","/Users/benjaminmakhlouf/Spatial Data/HUC8_Trimmed.shp",4727.87978907107,0.134478194718936,1798877.0674296,0.00262823951379106,0.599658136839774,91340.0938986243,5.17612757691973,"2019","Kusko","Cumulative_DOY_Total","Q2"
NA,NA,NA,NA,NA,NA,NA,NA,NA,NA,NA,NA,NA,NA,NA,NA,NA,NA,NA,NA,NA,NA,"19030404","Holitna River","HUC8_Trimmed","/Users/benjaminmakhlouf/Spatial Data/HUC8_Trimmed.shp",14878.87384637,0.208081257548595,2237206.12572435,0.00665064952008061,0.919033856311405,91340.0938986243,16.2895320240022,"2019","Kusko","Cumulative_DOY_Total","Q3"
NA,NA,NA,NA,NA,NA,NA,NA,NA,NA,NA,NA,NA,NA,NA,NA,NA,NA,NA,NA,NA,NA,"19030403","Takotna River","HUC8_Trimmed","/Users/benjaminmakhlouf/Spatial Data/HUC8_Trimmed.shp",4187.29430985308,0.0585593691240869,770363.487306015,0.00543547867837841,0.75111294251873,91340.0938986243,4.58428947368987,"2019","Kusko","Cumulative_DOY_Total","Q3"
NA,NA,NA,NA,NA,NA,NA,NA,NA,NA,NA,NA,NA,NA,NA,NA,NA,NA,NA,NA,NA,NA,"19030405","Stony River","HUC8_Trimmed","/Users/benjaminmakhlouf/Spatial Data/HUC8_Trimmed.shp",21088.1715954759,0.294918372875225,2914112.91565278,0.00723656639459766,1,91340.0938986243,23.0875300159873,"2019","Kusko","Cumulative_DOY_Total","Q3"
NA,NA,NA,NA,NA,NA,NA,NA,NA,NA,NA,NA,NA,NA,NA,NA,NA,NA,NA,NA,NA,NA,"19030401","North Fork Kuskokwim River","HUC8_Trimmed","/Users/benjaminmakhlouf/Spatial Data/HUC8_Trimmed.shp",416.210385929469,0.00582070803228963,1884947.19905091,0.00022080745080766,0.0305127375011027,91340.0938986243,0.455671072980732,"2019","Kusko","Cumulative_DOY_Total","Q3"
NA,NA,NA,NA,NA,NA,NA,NA,NA,NA,NA,NA,NA,NA,NA,NA,NA,NA,NA,NA,NA,NA,"19030406","Middle Fork Kuskokwim River","HUC8_Trimmed","/Users/benjaminmakhlouf/Spatial Data/HUC8_Trimmed.shp",5463.91282409338,0.0764128967899425,928823.473467058,0.00588261707437045,0.812901693096055,91340.0938986243,5.98194351557994,"2019","Kusko","Cumulative_DOY_Total","Q3"
NA,NA,NA,NA,NA,NA,NA,NA,NA,NA,NA,NA,NA,NA,NA,NA,NA,NA,NA,NA,NA,NA,"19030502","Kuskokwim Delta","HUC8_Trimmed","/Users/benjaminmakhlouf/Spatial Data/HUC8_Trimmed.shp",12166.3503663355,0.170146578977919,6220318.78018474,0.00195590464030432,0.270280756598111,91340.0938986243,13.3198356242534,"2019","Kusko","Cumulative_DOY_Total","Q3"
NA,NA,NA,NA,NA,NA,NA,NA,NA,NA,NA,NA,NA,NA,NA,NA,NA,NA,NA,NA,NA,NA,"19030407","South Fork Kuskokwim River","HUC8_Trimmed","/Users/benjaminmakhlouf/Spatial Data/HUC8_Trimmed.shp",1122.70321892932,0.0157010201216043,725260.727941768,0.00154799946512402,0.213913530356006,91340.0938986243,1.2291461186534,"2019","Kusko","Cumulative_DOY_Total","Q3"
NA,NA,NA,NA,NA,NA,NA,NA,NA,NA,NA,NA,NA,NA,NA,NA,NA,NA,NA,NA,NA,NA,"19030501","Aniak","HUC8_Trimmed","/Users/benjaminmakhlouf/Spatial Data/HUC8_Trimmed.shp",12181.5965115272,0.170359796530337,1798877.0674296,0.00677177820101588,0.935772275380662,91340.0938986243,13.3365272484252,"2019","Kusko","Cumulative_DOY_Total","Q3"
NA,NA,NA,NA,NA,NA,NA,NA,NA,NA,NA,NA,NA,NA,NA,NA,NA,NA,NA,NA,NA,NA,"19030404","Holitna River","HUC8_Trimmed","/Users/benjaminmakhlouf/Spatial Data/HUC8_Trimmed.shp",19653.9836205856,0.214378353325787,2237206.12572435,0.00878505712754657,0.946342875475059,91340.0938986243,21.5173674360341,"2019","Kusko","Cumulative_DOY_Total","Q4"
NA,NA,NA,NA,NA,NA,NA,NA,NA,NA,NA,NA,NA,NA,NA,NA,NA,NA,NA,NA,NA,NA,"19030403","Takotna River","HUC8_Trimmed","/Users/benjaminmakhlouf/Spatial Data/HUC8_Trimmed.shp",5227.99196879137,0.0570249945815587,770363.487306015,0.00678639636345411,0.731043379167895,91340.0938986243,5.72365512848472,"2019","Kusko","Cumulative_DOY_Total","Q4"
NA,NA,NA,NA,NA,NA,NA,NA,NA,NA,NA,NA,NA,NA,NA,NA,NA,NA,NA,NA,NA,NA,"19030405","Stony River","HUC8_Trimmed","/Users/benjaminmakhlouf/Spatial Data/HUC8_Trimmed.shp",25680.4283156842,0.280112573679517,2914112.91565278,0.00881243419832673,0.949291985026429,91340.0938986243,28.1151761724552,"2019","Kusko","Cumulative_DOY_Total","Q4"
NA,NA,NA,NA,NA,NA,NA,NA,NA,NA,NA,NA,NA,NA,NA,NA,NA,NA,NA,NA,NA,NA,"19030401","North Fork Kuskokwim River","HUC8_Trimmed","/Users/benjaminmakhlouf/Spatial Data/HUC8_Trimmed.shp",478.41066415884,0.00521832583031392,1884947.19905091,0.000253805870212027,0.0273404456615045,91340.0938986243,0.523768526765271,"2019","Kusko","Cumulative_DOY_Total","Q4"
NA,NA,NA,NA,NA,NA,NA,NA,NA,NA,NA,NA,NA,NA,NA,NA,NA,NA,NA,NA,NA,NA,"19030406","Middle Fork Kuskokwim River","HUC8_Trimmed","/Users/benjaminmakhlouf/Spatial Data/HUC8_Trimmed.shp",6205.70819589885,0.0676895600372696,928823.473467058,0.00668125685146022,0.719717553204355,91340.0938986243,6.79406811513287,"2019","Kusko","Cumulative_DOY_Total","Q4"
NA,NA,NA,NA,NA,NA,NA,NA,NA,NA,NA,NA,NA,NA,NA,NA,NA,NA,NA,NA,NA,NA,"19030502","Kuskokwim Delta","HUC8_Trimmed","/Users/benjaminmakhlouf/Spatial Data/HUC8_Trimmed.shp",16408.4408983091,0.17897717879131,6220318.78018474,0.00263787781272229,0.284157158934791,91340.0938986243,17.9641165209665,"2019","Kusko","Cumulative_DOY_Total","Q4"
NA,NA,NA,NA,NA,NA,NA,NA,NA,NA,NA,NA,NA,NA,NA,NA,NA,NA,NA,NA,NA,NA,"19030407","South Fork Kuskokwim River","HUC8_Trimmed","/Users/benjaminmakhlouf/Spatial Data/HUC8_Trimmed.shp",1324.71956960157,0.0144495490294486,725260.727941768,0.00182654253644896,0.196758597129732,91340.0938986243,1.45031553292669,"2019","Kusko","Cumulative_DOY_Total","Q4"
NA,NA,NA,NA,NA,NA,NA,NA,NA,NA,NA,NA,NA,NA,NA,NA,NA,NA,NA,NA,NA,NA,"19030501","Aniak","HUC8_Trimmed","/Users/benjaminmakhlouf/Spatial Data/HUC8_Trimmed.shp",16699.272760805,0.182149464724795,1798877.0674296,0.00928316507178915,1,91340.0938986243,18.2825219988705,"2019","Kusko","Cumulative_DOY_Total","Q4"
NA,NA,NA,NA,NA,NA,NA,NA,NA,NA,NA,NA,NA,NA,NA,NA,NA,NA,NA,NA,NA,NA,"19030404","Holitna River","HUC8_Trimmed","/Users/benjaminmakhlouf/Spatial Data/HUC8_Trimmed.shp",1340.19388603318,0.100959863790612,2237206.12572435,0.000599048013780697,0.327191294856078,94415.1298578823,1.41946940924669,"2020","Kusko","DOY_Total","Q1"
NA,NA,NA,NA,NA,NA,NA,NA,NA,NA,NA,NA,NA,NA,NA,NA,NA,NA,NA,NA,NA,NA,"19030403","Takotna River","HUC8_Trimmed","/Users/benjaminmakhlouf/Spatial Data/HUC8_Trimmed.shp",472.04519399289,0.0355602416823408,770363.487306015,0.000612756447795374,0.334678641734008,94415.1298578823,0.499967743203269,"2020","Kusko","DOY_Total","Q1"
NA,NA,NA,NA,NA,NA,NA,NA,NA,NA,NA,NA,NA,NA,NA,NA,NA,NA,NA,NA,NA,NA,"19030405","Stony River","HUC8_Trimmed","/Users/benjaminmakhlouf/Spatial Data/HUC8_Trimmed.shp",5114.39784900845,0.385279261148719,2914112.91565278,0.00175504450137712,0.958579729380152,94415.1298578823,5.41692613959952,"2020","Kusko","DOY_Total","Q1"
NA,NA,NA,NA,NA,NA,NA,NA,NA,NA,NA,NA,NA,NA,NA,NA,NA,NA,NA,NA,NA,NA,"19030401","North Fork Kuskokwim River","HUC8_Trimmed","/Users/benjaminmakhlouf/Spatial Data/HUC8_Trimmed.shp",249.130571985594,0.0187675745098275,1884947.19905091,0.000132168461859852,0.0721884877009077,94415.1298578823,0.263867213189874,"2020","Kusko","DOY_Total","Q1"
NA,NA,NA,NA,NA,NA,NA,NA,NA,NA,NA,NA,NA,NA,NA,NA,NA,NA,NA,NA,NA,NA,"19030406","Middle Fork Kuskokwim River","HUC8_Trimmed","/Users/benjaminmakhlouf/Spatial Data/HUC8_Trimmed.shp",1700.56436610906,0.128107394429114,928823.473467058,0.00183088004845667,1,94415.1298578823,1.80115662465203,"2020","Kusko","DOY_Total","Q1"
NA,NA,NA,NA,NA,NA,NA,NA,NA,NA,NA,NA,NA,NA,NA,NA,NA,NA,NA,NA,NA,NA,"19030502","Kuskokwim Delta","HUC8_Trimmed","/Users/benjaminmakhlouf/Spatial Data/HUC8_Trimmed.shp",1958.66954908195,0.1475510468649,6220318.78018474,0.000314882503340734,0.171984234361045,94415.1298578823,2.07452931752594,"2020","Kusko","DOY_Total","Q1"
NA,NA,NA,NA,NA,NA,NA,NA,NA,NA,NA,NA,NA,NA,NA,NA,NA,NA,NA,NA,NA,NA,"19030407","South Fork Kuskokwim River","HUC8_Trimmed","/Users/benjaminmakhlouf/Spatial Data/HUC8_Trimmed.shp",325.560518271358,0.0245252167785696,725260.727941768,0.000448887559643926,0.245175843181159,94415.1298578823,0.344818165013812,"2020","Kusko","DOY_Total","Q1"
NA,NA,NA,NA,NA,NA,NA,NA,NA,NA,NA,NA,NA,NA,NA,NA,NA,NA,NA,NA,NA,NA,"19030501","Aniak","HUC8_Trimmed","/Users/benjaminmakhlouf/Spatial Data/HUC8_Trimmed.shp",2113.95960026029,0.159249400795918,1798877.0674296,0.0011751551223458,0.641852601614394,94415.1298578823,2.23900512920155,"2020","Kusko","DOY_Total","Q1"
NA,NA,NA,NA,NA,NA,NA,NA,NA,NA,NA,NA,NA,NA,NA,NA,NA,NA,NA,NA,NA,NA,"19030404","Holitna River","HUC8_Trimmed","/Users/benjaminmakhlouf/Spatial Data/HUC8_Trimmed.shp",4478.06321810041,0.179470146818082,2237206.12572435,0.00200163193127792,0.73958936531758,94415.1298578823,4.74295086480418,"2020","Kusko","DOY_Total","Q2"
NA,NA,NA,NA,NA,NA,NA,NA,NA,NA,NA,NA,NA,NA,NA,NA,NA,NA,NA,NA,NA,NA,"19030403","Takotna River","HUC8_Trimmed","/Users/benjaminmakhlouf/Spatial Data/HUC8_Trimmed.shp",1218.37568961732,0.0488296062930434,770363.487306015,0.00158155949716415,0.584375462062518,94415.1298578823,1.29044538883892,"2020","Kusko","DOY_Total","Q2"
NA,NA,NA,NA,NA,NA,NA,NA,NA,NA,NA,NA,NA,NA,NA,NA,NA,NA,NA,NA,NA,NA,"19030405","Stony River","HUC8_Trimmed","/Users/benjaminmakhlouf/Spatial Data/HUC8_Trimmed.shp",7886.78385175984,0.316083580525744,2914112.91565278,0.00270640983381152,1,94415.1298578823,8.35330509382486,"2020","Kusko","DOY_Total","Q2"
NA,NA,NA,NA,NA,NA,NA,NA,NA,NA,NA,NA,NA,NA,NA,NA,NA,NA,NA,NA,NA,NA,"19030401","North Fork Kuskokwim River","HUC8_Trimmed","/Users/benjaminmakhlouf/Spatial Data/HUC8_Trimmed.shp",179.381910543228,0.00718920128049413,1884947.19905091,9.51654829554636e-05,0.0351629977716417,94415.1298578823,0.189992759437223,"2020","Kusko","DOY_Total","Q2"
NA,NA,NA,NA,NA,NA,NA,NA,NA,NA,NA,NA,NA,NA,NA,NA,NA,NA,NA,NA,NA,NA,"19030406","Middle Fork Kuskokwim River","HUC8_Trimmed","/Users/benjaminmakhlouf/Spatial Data/HUC8_Trimmed.shp",2397.26996555981,0.0960768912199733,928823.473467058,0.00258097478588846,0.953652604141478,94415.1298578823,2.53907394838972,"2020","Kusko","DOY_Total","Q2"
NA,NA,NA,NA,NA,NA,NA,NA,NA,NA,NA,NA,NA,NA,NA,NA,NA,NA,NA,NA,NA,NA,"19030502","Kuskokwim Delta","HUC8_Trimmed","/Users/benjaminmakhlouf/Spatial Data/HUC8_Trimmed.shp",4329.36683463724,0.173510748642642,6220318.78018474,0.000696004013239441,0.257168742347953,94415.1298578823,4.58545875131877,"2020","Kusko","DOY_Total","Q2"
NA,NA,NA,NA,NA,NA,NA,NA,NA,NA,NA,NA,NA,NA,NA,NA,NA,NA,NA,NA,NA,NA,"19030407","South Fork Kuskokwim River","HUC8_Trimmed","/Users/benjaminmakhlouf/Spatial Data/HUC8_Trimmed.shp",437.880537226957,0.0175492127907561,725260.727941768,0.000603756029186395,0.223083740549416,94415.1298578823,0.463782169114286,"2020","Kusko","DOY_Total","Q2"
NA,NA,NA,NA,NA,NA,NA,NA,NA,NA,NA,NA,NA,NA,NA,NA,NA,NA,NA,NA,NA,NA,"19030501","Aniak","HUC8_Trimmed","/Users/benjaminmakhlouf/Spatial Data/HUC8_Trimmed.shp",4024.45516287735,0.161290612429266,1798877.0674296,0.0022372041067975,0.826631679669439,94415.1298578823,4.26251085915481,"2020","Kusko","DOY_Total","Q2"
NA,NA,NA,NA,NA,NA,NA,NA,NA,NA,NA,NA,NA,NA,NA,NA,NA,NA,NA,NA,NA,NA,"19030404","Holitna River","HUC8_Trimmed","/Users/benjaminmakhlouf/Spatial Data/HUC8_Trimmed.shp",7808.55179601778,0.213785175549441,2237206.12572435,0.0034903139707297,0.95099455427252,94415.1298578823,8.27044543366253,"2020","Kusko","DOY_Total","Q3"
NA,NA,NA,NA,NA,NA,NA,NA,NA,NA,NA,NA,NA,NA,NA,NA,NA,NA,NA,NA,NA,NA,"19030403","Takotna River","HUC8_Trimmed","/Users/benjaminmakhlouf/Spatial Data/HUC8_Trimmed.shp",2327.68768466743,0.063728221735646,770363.487306015,0.00302154466433427,0.823270498118636,94415.1298578823,2.46537571697583,"2020","Kusko","DOY_Total","Q3"
NA,NA,NA,NA,NA,NA,NA,NA,NA,NA,NA,NA,NA,NA,NA,NA,NA,NA,NA,NA,NA,NA,"19030405","Stony River","HUC8_Trimmed","/Users/benjaminmakhlouf/Spatial Data/HUC8_Trimmed.shp",10695.2968091046,0.292819458155337,2914112.91565278,0.00367017240535061,1,94415.1298578823,11.3279479943561,"2020","Kusko","DOY_Total","Q3"
NA,NA,NA,NA,NA,NA,NA,NA,NA,NA,NA,NA,NA,NA,NA,NA,NA,NA,NA,NA,NA,NA,"19030401","North Fork Kuskokwim River","HUC8_Trimmed","/Users/benjaminmakhlouf/Spatial Data/HUC8_Trimmed.shp",137.178138288389,0.00375570952740364,1884947.19905091,7.27755866888262e-05,0.0198289286309083,94415.1298578823,0.145292537853706,"2020","Kusko","DOY_Total","Q3"
NA,NA,NA,NA,NA,NA,NA,NA,NA,NA,NA,NA,NA,NA,NA,NA,NA,NA,NA,NA,NA,NA,"19030406","Middle Fork Kuskokwim River","HUC8_Trimmed","/Users/benjaminmakhlouf/Spatial Data/HUC8_Trimmed.shp",2664.79559286698,0.0729576762127617,928823.473467058,0.00286900112776004,0.781707454281283,94415.1298578823,2.82242432635336,"2020","Kusko","DOY_Total","Q3"
NA,NA,NA,NA,NA,NA,NA,NA,NA,NA,NA,NA,NA,NA,NA,NA,NA,NA,NA,NA,NA,NA,"19030502","Kuskokwim Delta","HUC8_Trimmed","/Users/benjaminmakhlouf/Spatial Data/HUC8_Trimmed.shp",6248.75239137368,0.171080459200654,6220318.78018474,0.00100457108585488,0.273712233351859,94415.1298578823,6.61838033880753,"2020","Kusko","DOY_Total","Q3"
NA,NA,NA,NA,NA,NA,NA,NA,NA,NA,NA,NA,NA,NA,NA,NA,NA,NA,NA,NA,NA,NA,"19030407","South Fork Kuskokwim River","HUC8_Trimmed","/Users/benjaminmakhlouf/Spatial Data/HUC8_Trimmed.shp",563.243732319585,0.0154206776540143,725260.727941768,0.000776608618969382,0.211600037599649,94415.1298578823,0.596560882951073,"2020","Kusko","DOY_Total","Q3"
NA,NA,NA,NA,NA,NA,NA,NA,NA,NA,NA,NA,NA,NA,NA,NA,NA,NA,NA,NA,NA,NA,"19030501","Aniak","HUC8_Trimmed","/Users/benjaminmakhlouf/Spatial Data/HUC8_Trimmed.shp",6079.71959166119,0.166452621964743,1798877.0674296,0.00337973044503171,0.920864218831935,94415.1298578823,6.43934886369658,"2020","Kusko","DOY_Total","Q3"
NA,NA,NA,NA,NA,NA,NA,NA,NA,NA,NA,NA,NA,NA,NA,NA,NA,NA,NA,NA,NA,NA,"19030404","Holitna River","HUC8_Trimmed","/Users/benjaminmakhlouf/Spatial Data/HUC8_Trimmed.shp",5009.92911495942,0.249924998682786,2237206.12572435,0.00223936858448273,1,94415.1298578823,5.30627784180415,"2020","Kusko","DOY_Total","Q4"
NA,NA,NA,NA,NA,NA,NA,NA,NA,NA,NA,NA,NA,NA,NA,NA,NA,NA,NA,NA,NA,NA,"19030403","Takotna River","HUC8_Trimmed","/Users/benjaminmakhlouf/Spatial Data/HUC8_Trimmed.shp",1348.46424123145,0.0672693996222904,770363.487306015,0.00175042595275,0.781660493444109,94415.1298578823,1.42822897480649,"2020","Kusko","DOY_Total","Q4"
NA,NA,NA,NA,NA,NA,NA,NA,NA,NA,NA,NA,NA,NA,NA,NA,NA,NA,NA,NA,NA,NA,"19030405","Stony River","HUC8_Trimmed","/Users/benjaminmakhlouf/Spatial Data/HUC8_Trimmed.shp",5579.48082712541,0.278337618431801,2914112.91565278,0.00191464126086397,0.854991569557198,94415.1298578823,5.90951983598803,"2020","Kusko","DOY_Total","Q4"
NA,NA,NA,NA,NA,NA,NA,NA,NA,NA,NA,NA,NA,NA,NA,NA,NA,NA,NA,NA,NA,NA,"19030401","North Fork Kuskokwim River","HUC8_Trimmed","/Users/benjaminmakhlouf/Spatial Data/HUC8_Trimmed.shp",51.993881187862,0.00259376338251736,1884947.19905091,2.75837334934589e-05,0.012317638857933,94415.1298578823,0.055069437775625,"2020","Kusko","DOY_Total","Q4"
NA,NA,NA,NA,NA,NA,NA,NA,NA,NA,NA,NA,NA,NA,NA,NA,NA,NA,NA,NA,NA,NA,"19030406","Middle Fork Kuskokwim River","HUC8_Trimmed","/Users/benjaminmakhlouf/Spatial Data/HUC8_Trimmed.shp",1192.9651584689,0.0595121824715407,928823.473467058,0.00128438308521195,0.5735469784259,94415.1298578823,1.26353176685199,"2020","Kusko","DOY_Total","Q4"
NA,NA,NA,NA,NA,NA,NA,NA,NA,NA,NA,NA,NA,NA,NA,NA,NA,NA,NA,NA,NA,NA,"19030502","Kuskokwim Delta","HUC8_Trimmed","/Users/benjaminmakhlouf/Spatial Data/HUC8_Trimmed.shp",3029.65443921704,0.151137144729192,6220318.78018474,0.000487057745154189,0.217497802072049,94415.1298578823,3.20886540512882,"2020","Kusko","DOY_Total","Q4"
NA,NA,NA,NA,NA,NA,NA,NA,NA,NA,NA,NA,NA,NA,NA,NA,NA,NA,NA,NA,NA,NA,"19030407","South Fork Kuskokwim River","HUC8_Trimmed","/Users/benjaminmakhlouf/Spatial Data/HUC8_Trimmed.shp",282.965947858212,0.0141160209102698,725260.727941768,0.000390157548804892,0.174226588471596,94415.1298578823,0.299704028670134,"2020","Kusko","DOY_Total","Q4"
NA,NA,NA,NA,NA,NA,NA,NA,NA,NA,NA,NA,NA,NA,NA,NA,NA,NA,NA,NA,NA,NA,"19030501","Aniak","HUC8_Trimmed","/Users/benjaminmakhlouf/Spatial Data/HUC8_Trimmed.shp",3550.27667449283,0.177108871769602,1798877.0674296,0.00197360716792381,0.881323057579509,94415.1298578823,3.76028363233399,"2020","Kusko","DOY_Total","Q4"
NA,NA,NA,NA,NA,NA,NA,NA,NA,NA,NA,NA,NA,NA,NA,NA,NA,NA,NA,NA,NA,NA,"19030404","Holitna River","HUC8_Trimmed","/Users/benjaminmakhlouf/Spatial Data/HUC8_Trimmed.shp",1340.19388603318,0.100959863790612,2237206.12572435,0.000599048013780697,0.327191294856078,94415.1298578823,1.41946940924669,"2020","Kusko","Cumulative_DOY_Total","Q1"
NA,NA,NA,NA,NA,NA,NA,NA,NA,NA,NA,NA,NA,NA,NA,NA,NA,NA,NA,NA,NA,NA,"19030403","Takotna River","HUC8_Trimmed","/Users/benjaminmakhlouf/Spatial Data/HUC8_Trimmed.shp",472.04519399289,0.0355602416823408,770363.487306015,0.000612756447795374,0.334678641734008,94415.1298578823,0.499967743203269,"2020","Kusko","Cumulative_DOY_Total","Q1"
NA,NA,NA,NA,NA,NA,NA,NA,NA,NA,NA,NA,NA,NA,NA,NA,NA,NA,NA,NA,NA,NA,"19030405","Stony River","HUC8_Trimmed","/Users/benjaminmakhlouf/Spatial Data/HUC8_Trimmed.shp",5114.39784900845,0.385279261148719,2914112.91565278,0.00175504450137712,0.958579729380152,94415.1298578823,5.41692613959952,"2020","Kusko","Cumulative_DOY_Total","Q1"
NA,NA,NA,NA,NA,NA,NA,NA,NA,NA,NA,NA,NA,NA,NA,NA,NA,NA,NA,NA,NA,NA,"19030401","North Fork Kuskokwim River","HUC8_Trimmed","/Users/benjaminmakhlouf/Spatial Data/HUC8_Trimmed.shp",249.130571985594,0.0187675745098275,1884947.19905091,0.000132168461859852,0.0721884877009077,94415.1298578823,0.263867213189874,"2020","Kusko","Cumulative_DOY_Total","Q1"
NA,NA,NA,NA,NA,NA,NA,NA,NA,NA,NA,NA,NA,NA,NA,NA,NA,NA,NA,NA,NA,NA,"19030406","Middle Fork Kuskokwim River","HUC8_Trimmed","/Users/benjaminmakhlouf/Spatial Data/HUC8_Trimmed.shp",1700.56436610906,0.128107394429114,928823.473467058,0.00183088004845667,1,94415.1298578823,1.80115662465203,"2020","Kusko","Cumulative_DOY_Total","Q1"
NA,NA,NA,NA,NA,NA,NA,NA,NA,NA,NA,NA,NA,NA,NA,NA,NA,NA,NA,NA,NA,NA,"19030502","Kuskokwim Delta","HUC8_Trimmed","/Users/benjaminmakhlouf/Spatial Data/HUC8_Trimmed.shp",1958.66954908195,0.1475510468649,6220318.78018474,0.000314882503340734,0.171984234361045,94415.1298578823,2.07452931752594,"2020","Kusko","Cumulative_DOY_Total","Q1"
NA,NA,NA,NA,NA,NA,NA,NA,NA,NA,NA,NA,NA,NA,NA,NA,NA,NA,NA,NA,NA,NA,"19030407","South Fork Kuskokwim River","HUC8_Trimmed","/Users/benjaminmakhlouf/Spatial Data/HUC8_Trimmed.shp",325.560518271358,0.0245252167785696,725260.727941768,0.000448887559643926,0.245175843181159,94415.1298578823,0.344818165013812,"2020","Kusko","Cumulative_DOY_Total","Q1"
NA,NA,NA,NA,NA,NA,NA,NA,NA,NA,NA,NA,NA,NA,NA,NA,NA,NA,NA,NA,NA,NA,"19030501","Aniak","HUC8_Trimmed","/Users/benjaminmakhlouf/Spatial Data/HUC8_Trimmed.shp",2113.95960026029,0.159249400795918,1798877.0674296,0.0011751551223458,0.641852601614394,94415.1298578823,2.23900512920155,"2020","Kusko","Cumulative_DOY_Total","Q1"
NA,NA,NA,NA,NA,NA,NA,NA,NA,NA,NA,NA,NA,NA,NA,NA,NA,NA,NA,NA,NA,NA,"19030404","Holitna River","HUC8_Trimmed","/Users/benjaminmakhlouf/Spatial Data/HUC8_Trimmed.shp",5818.2571041336,0.152206406126469,2237206.12572435,0.00260067994505861,0.582922013691003,94415.1298578823,6.16242027405087,"2020","Kusko","Cumulative_DOY_Total","Q2"
NA,NA,NA,NA,NA,NA,NA,NA,NA,NA,NA,NA,NA,NA,NA,NA,NA,NA,NA,NA,NA,NA,"19030403","Takotna River","HUC8_Trimmed","/Users/benjaminmakhlouf/Spatial Data/HUC8_Trimmed.shp",1690.42088361021,0.0442216428271355,770363.487306015,0.00219431594495952,0.491838710003684,94415.1298578823,1.79041313204219,"2020","Kusko","Cumulative_DOY_Total","Q2"
NA,NA,NA,NA,NA,NA,NA,NA,NA,NA,NA,NA,NA,NA,NA,NA,NA,NA,NA,NA,NA,NA,"19030405","Stony River","HUC8_Trimmed","/Users/benjaminmakhlouf/Spatial Data/HUC8_Trimmed.shp",13001.1817007683,0.34011270156234,2914112.91565278,0.00446145433518864,1,94415.1298578823,13.7702312334244,"2020","Kusko","Cumulative_DOY_Total","Q2"
NA,NA,NA,NA,NA,NA,NA,NA,NA,NA,NA,NA,NA,NA,NA,NA,NA,NA,NA,NA,NA,NA,"19030401","North Fork Kuskokwim River","HUC8_Trimmed","/Users/benjaminmakhlouf/Spatial Data/HUC8_Trimmed.shp",428.512482528822,0.0112099454834517,1884947.19905091,0.000227333944815315,0.0509551208497808,94415.1298578823,0.453859972627097,"2020","Kusko","Cumulative_DOY_Total","Q2"
NA,NA,NA,NA,NA,NA,NA,NA,NA,NA,NA,NA,NA,NA,NA,NA,NA,NA,NA,NA,NA,NA,"19030406","Middle Fork Kuskokwim River","HUC8_Trimmed","/Users/benjaminmakhlouf/Spatial Data/HUC8_Trimmed.shp",4097.83433166887,0.107199909760237,928823.473467058,0.00441185483434513,0.988882660873092,94415.1298578823,4.34023057304175,"2020","Kusko","Cumulative_DOY_Total","Q2"
NA,NA,NA,NA,NA,NA,NA,NA,NA,NA,NA,NA,NA,NA,NA,NA,NA,NA,NA,NA,NA,NA,"19030502","Kuskokwim Delta","HUC8_Trimmed","/Users/benjaminmakhlouf/Spatial Data/HUC8_Trimmed.shp",6288.0363837192,0.16449589669704,6220318.78018474,0.00101088651658018,0.226582284751197,94415.1298578823,6.65998806884471,"2020","Kusko","Cumulative_DOY_Total","Q2"
NA,NA,NA,NA,NA,NA,NA,NA,NA,NA,NA,NA,NA,NA,NA,NA,NA,NA,NA,NA,NA,NA,"19030407","South Fork Kuskokwim River","HUC8_Trimmed","/Users/benjaminmakhlouf/Spatial Data/HUC8_Trimmed.shp",763.441055498314,0.0199717230206691,725260.727941768,0.00105264358883032,0.235941805013637,94415.1298578823,0.808600334128098,"2020","Kusko","Cumulative_DOY_Total","Q2"
NA,NA,NA,NA,NA,NA,NA,NA,NA,NA,NA,NA,NA,NA,NA,NA,NA,NA,NA,NA,NA,NA,"19030501","Aniak","HUC8_Trimmed","/Users/benjaminmakhlouf/Spatial Data/HUC8_Trimmed.shp",6138.41476313764,0.160581774522659,1798877.0674296,0.0034123592291433,0.764853559573422,94415.1298578823,6.50151598835637,"2020","Kusko","Cumulative_DOY_Total","Q2"
NA,NA,NA,NA,NA,NA,NA,NA,NA,NA,NA,NA,NA,NA,NA,NA,NA,NA,NA,NA,NA,NA,"19030404","Holitna River","HUC8_Trimmed","/Users/benjaminmakhlouf/Spatial Data/HUC8_Trimmed.shp",13626.8089001514,0.182295216867232,2237206.12572435,0.00609099391578832,0.74904986543743,94415.1298578823,14.4328657077134,"2020","Kusko","Cumulative_DOY_Total","Q3"
NA,NA,NA,NA,NA,NA,NA,NA,NA,NA,NA,NA,NA,NA,NA,NA,NA,NA,NA,NA,NA,NA,"19030403","Takotna River","HUC8_Trimmed","/Users/benjaminmakhlouf/Spatial Data/HUC8_Trimmed.shp",4018.10856827764,0.0537530083688279,770363.487306015,0.00521586060929379,0.641428926304592,94415.1298578823,4.25578884901802,"2020","Kusko","Cumulative_DOY_Total","Q3"
NA,NA,NA,NA,NA,NA,NA,NA,NA,NA,NA,NA,NA,NA,NA,NA,NA,NA,NA,NA,NA,NA,"19030405","Stony River","HUC8_Trimmed","/Users/benjaminmakhlouf/Spatial Data/HUC8_Trimmed.shp",23696.4785098729,0.317004129183832,2914112.91565278,0.00813162674053924,1,94415.1298578823,25.0981792277804,"2020","Kusko","Cumulative_DOY_Total","Q3"
NA,NA,NA,NA,NA,NA,NA,NA,NA,NA,NA,NA,NA,NA,NA,NA,NA,NA,NA,NA,NA,NA,"19030401","North Fork Kuskokwim River","HUC8_Trimmed","/Users/benjaminmakhlouf/Spatial Data/HUC8_Trimmed.shp",565.690620817212,0.00756763341713019,1884947.19905091,0.000300109531504142,0.0369064568603453,94415.1298578823,0.599152510480803,"2020","Kusko","Cumulative_DOY_Total","Q3"
NA,NA,NA,NA,NA,NA,NA,NA,NA,NA,NA,NA,NA,NA,NA,NA,NA,NA,NA,NA,NA,NA,"19030406","Middle Fork Kuskokwim River","HUC8_Trimmed","/Users/benjaminmakhlouf/Spatial Data/HUC8_Trimmed.shp",6762.62992453586,0.0904683626019295,928823.473467058,0.00728085596210517,0.89537508230762,94415.1298578823,7.1626548993951,"2020","Kusko","Cumulative_DOY_Total","Q3"
NA,NA,NA,NA,NA,NA,NA,NA,NA,NA,NA,NA,NA,NA,NA,NA,NA,NA,NA,NA,NA,NA,"19030502","Kuskokwim Delta","HUC8_Trimmed","/Users/benjaminmakhlouf/Spatial Data/HUC8_Trimmed.shp",12536.7887750929,0.167713266203421,6220318.78018474,0.00201545760243506,0.247854170726657,94415.1298578823,13.2783684076523,"2020","Kusko","Cumulative_DOY_Total","Q3"
NA,NA,NA,NA,NA,NA,NA,NA,NA,NA,NA,NA,NA,NA,NA,NA,NA,NA,NA,NA,NA,NA,"19030407","South Fork Kuskokwim River","HUC8_Trimmed","/Users/benjaminmakhlouf/Spatial Data/HUC8_Trimmed.shp",1326.6847878179,0.0177479770122141,725260.727941768,0.0018292522077997,0.224955260019522,94415.1298578823,1.40516121707917,"2020","Kusko","Cumulative_DOY_Total","Q3"
NA,NA,NA,NA,NA,NA,NA,NA,NA,NA,NA,NA,NA,NA,NA,NA,NA,NA,NA,NA,NA,NA,"19030501","Aniak","HUC8_Trimmed","/Users/benjaminmakhlouf/Spatial Data/HUC8_Trimmed.shp",12218.1343547988,0.163450406345413,1798877.0674296,0.00679208967417502,0.835268254544184,94415.1298578823,12.9408648520529,"2020","Kusko","Cumulative_DOY_Total","Q3"
NA,NA,NA,NA,NA,NA,NA,NA,NA,NA,NA,NA,NA,NA,NA,NA,NA,NA,NA,NA,NA,NA,"19030404","Holitna River","HUC8_Trimmed","/Users/benjaminmakhlouf/Spatial Data/HUC8_Trimmed.shp",18636.7380151108,0.19659617135782,2237206.12572435,0.00833036250027104,0.829199708698543,94415.1298578823,19.7391435495176,"2020","Kusko","Cumulative_DOY_Total","Q4"
NA,NA,NA,NA,NA,NA,NA,NA,NA,NA,NA,NA,NA,NA,NA,NA,NA,NA,NA,NA,NA,NA,"19030403","Takotna River","HUC8_Trimmed","/Users/benjaminmakhlouf/Spatial Data/HUC8_Trimmed.shp",5366.57280950909,0.0566111766343995,770363.487306015,0.00696628656204379,0.693420338883133,94415.1298578823,5.68401782382451,"2020","Kusko","Cumulative_DOY_Total","Q4"
NA,NA,NA,NA,NA,NA,NA,NA,NA,NA,NA,NA,NA,NA,NA,NA,NA,NA,NA,NA,NA,NA,"19030405","Stony River","HUC8_Trimmed","/Users/benjaminmakhlouf/Spatial Data/HUC8_Trimmed.shp",29275.9593369984,0.3088277312164,2914112.91565278,0.0100462680014032,1,94415.1298578823,31.0076990637685,"2020","Kusko","Cumulative_DOY_Total","Q4"
NA,NA,NA,NA,NA,NA,NA,NA,NA,NA,NA,NA,NA,NA,NA,NA,NA,NA,NA,NA,NA,NA,"19030401","North Fork Kuskokwim River","HUC8_Trimmed","/Users/benjaminmakhlouf/Spatial Data/HUC8_Trimmed.shp",617.684502005074,0.00651586174054705,1884947.19905091,0.0003276932649976,0.0326184076466833,94415.1298578823,0.654221948256428,"2020","Kusko","Cumulative_DOY_Total","Q4"
NA,NA,NA,NA,NA,NA,NA,NA,NA,NA,NA,NA,NA,NA,NA,NA,NA,NA,NA,NA,NA,NA,"19030406","Middle Fork Kuskokwim River","HUC8_Trimmed","/Users/benjaminmakhlouf/Spatial Data/HUC8_Trimmed.shp",7955.59508300476,0.0839223866818162,928823.473467058,0.00856523904731712,0.852579191210185,94415.1298578823,8.42618666624709,"2020","Kusko","Cumulative_DOY_Total","Q4"
NA,NA,NA,NA,NA,NA,NA,NA,NA,NA,NA,NA,NA,NA,NA,NA,NA,NA,NA,NA,NA,NA,"19030502","Kuskokwim Delta","HUC8_Trimmed","/Users/benjaminmakhlouf/Spatial Data/HUC8_Trimmed.shp",15566.4432143099,0.164208089157605,6220318.78018474,0.00250251534758925,0.249099003454786,94415.1298578823,16.4872338127811,"2020","Kusko","Cumulative_DOY_Total","Q4"
NA,NA,NA,NA,NA,NA,NA,NA,NA,NA,NA,NA,NA,NA,NA,NA,NA,NA,NA,NA,NA,NA,"19030407","South Fork Kuskokwim River","HUC8_Trimmed","/Users/benjaminmakhlouf/Spatial Data/HUC8_Trimmed.shp",1609.65073567611,0.0169799656785775,725260.727941768,0.0022194097566046,0.220918828394245,94415.1298578823,1.70486524574931,"2020","Kusko","Cumulative_DOY_Total","Q4"
NA,NA,NA,NA,NA,NA,NA,NA,NA,NA,NA,NA,NA,NA,NA,NA,NA,NA,NA,NA,NA,NA,"19030501","Aniak","HUC8_Trimmed","/Users/benjaminmakhlouf/Spatial Data/HUC8_Trimmed.shp",15768.4110292917,0.166338617532835,1798877.0674296,0.00876569684209884,0.872532650022325,94415.1298578823,16.701148484387,"2020","Kusko","Cumulative_DOY_Total","Q4"
NA,NA,NA,NA,NA,NA,NA,NA,NA,NA,NA,NA,NA,NA,NA,NA,NA,NA,NA,NA,NA,NA,"19030404","Holitna River","HUC8_Trimmed","/Users/benjaminmakhlouf/Spatial Data/HUC8_Trimmed.shp",1684.42931048555,0.119702290143781,2237206.12572435,0.000752916457324725,0.281834723088469,88666.2520322961,1.89974118887083,"2021","Kusko","DOY_Total","Q1"
NA,NA,NA,NA,NA,NA,NA,NA,NA,NA,NA,NA,NA,NA,NA,NA,NA,NA,NA,NA,NA,NA,"19030403","Takotna River","HUC8_Trimmed","/Users/benjaminmakhlouf/Spatial Data/HUC8_Trimmed.shp",689.256808328795,0.0489813481281485,770363.487306015,0.000894716351029496,0.334913830853306,88666.2520322961,0.777360937820781,"2021","Kusko","DOY_Total","Q1"
NA,NA,NA,NA,NA,NA,NA,NA,NA,NA,NA,NA,NA,NA,NA,NA,NA,NA,NA,NA,NA,NA,"19030405","Stony River","HUC8_Trimmed","/Users/benjaminmakhlouf/Spatial Data/HUC8_Trimmed.shp",6409.86137791913,0.455510410359648,2914112.91565278,0.00219959265939538,0.823360390169771,88666.2520322961,7.22920077368826,"2021","Kusko","DOY_Total","Q1"
NA,NA,NA,NA,NA,NA,NA,NA,NA,NA,NA,NA,NA,NA,NA,NA,NA,NA,NA,NA,NA,NA,"19030401","North Fork Kuskokwim River","HUC8_Trimmed","/Users/benjaminmakhlouf/Spatial Data/HUC8_Trimmed.shp",371.50693158164,0.0264007698261866,1884947.19905091,0.000197091426098671,0.0737760570342714,88666.2520322961,0.418994739335909,"2021","Kusko","DOY_Total","Q1"
NA,NA,NA,NA,NA,NA,NA,NA,NA,NA,NA,NA,NA,NA,NA,NA,NA,NA,NA,NA,NA,NA,"19030406","Middle Fork Kuskokwim River","HUC8_Trimmed","/Users/benjaminmakhlouf/Spatial Data/HUC8_Trimmed.shp",2481.3354133917,0.17633362810116,928823.473467058,0.00267148223992393,1,88666.2520322961,2.79851167328906,"2021","Kusko","DOY_Total","Q1"
NA,NA,NA,NA,NA,NA,NA,NA,NA,NA,NA,NA,NA,NA,NA,NA,NA,NA,NA,NA,NA,NA,"19030502","Kuskokwim Delta","HUC8_Trimmed","/Users/benjaminmakhlouf/Spatial Data/HUC8_Trimmed.shp",844.969835655183,0.060046939221916,6220318.78018474,0.000135840278531527,0.0508482805917492,88666.2520322961,0.952977955296236,"2021","Kusko","DOY_Total","Q1"
NA,NA,NA,NA,NA,NA,NA,NA,NA,NA,NA,NA,NA,NA,NA,NA,NA,NA,NA,NA,NA,NA,"19030407","South Fork Kuskokwim River","HUC8_Trimmed","/Users/benjaminmakhlouf/Spatial Data/HUC8_Trimmed.shp",390.868188763895,0.0277766582712236,725260.727941768,0.000538934721962883,0.201736217410986,88666.2520322961,0.440830845789584,"2021","Kusko","DOY_Total","Q1"
NA,NA,NA,NA,NA,NA,NA,NA,NA,NA,NA,NA,NA,NA,NA,NA,NA,NA,NA,NA,NA,NA,"19030501","Aniak","HUC8_Trimmed","/Users/benjaminmakhlouf/Spatial Data/HUC8_Trimmed.shp",1199.59405526165,0.0852479559479361,1798877.0674296,0.000666857161604565,0.249620660635031,88666.2520322961,1.35293195298782,"2021","Kusko","DOY_Total","Q1"
NA,NA,NA,NA,NA,NA,NA,NA,NA,NA,NA,NA,NA,NA,NA,NA,NA,NA,NA,NA,NA,NA,"19030404","Holitna River","HUC8_Trimmed","/Users/benjaminmakhlouf/Spatial Data/HUC8_Trimmed.shp",4619.50530878065,0.184768824762006,2237206.12572435,0.00206485457717266,0.789677056544821,88666.2520322961,5.20999275699397,"2021","Kusko","DOY_Total","Q2"
NA,NA,NA,NA,NA,NA,NA,NA,NA,NA,NA,NA,NA,NA,NA,NA,NA,NA,NA,NA,NA,NA,"19030403","Takotna River","HUC8_Trimmed","/Users/benjaminmakhlouf/Spatial Data/HUC8_Trimmed.shp",1382.37828106751,0.0552917235280301,770363.487306015,0.00179444937856768,0.686264068691128,88666.2520322961,1.55908054009545,"2021","Kusko","DOY_Total","Q2"
NA,NA,NA,NA,NA,NA,NA,NA,NA,NA,NA,NA,NA,NA,NA,NA,NA,NA,NA,NA,NA,NA,"19030405","Stony River","HUC8_Trimmed","/Users/benjaminmakhlouf/Spatial Data/HUC8_Trimmed.shp",7619.84831952895,0.304775149016063,2914112.91565278,0.00261480887669106,1,88666.2520322961,8.59385408188165,"2021","Kusko","DOY_Total","Q2"
NA,NA,NA,NA,NA,NA,NA,NA,NA,NA,NA,NA,NA,NA,NA,NA,NA,NA,NA,NA,NA,NA,"19030401","North Fork Kuskokwim River","HUC8_Trimmed","/Users/benjaminmakhlouf/Spatial Data/HUC8_Trimmed.shp",225.924907917638,0.00903643938693191,1884947.19905091,0.000119857419895578,0.0458379275686309,88666.2520322961,0.254803719272296,"2021","Kusko","DOY_Total","Q2"
NA,NA,NA,NA,NA,NA,NA,NA,NA,NA,NA,NA,NA,NA,NA,NA,NA,NA,NA,NA,NA,NA,"19030406","Middle Fork Kuskokwim River","HUC8_Trimmed","/Users/benjaminmakhlouf/Spatial Data/HUC8_Trimmed.shp",1987.39457907219,0.0794908840164271,928823.473467058,0.00213969030267265,0.818297016560672,88666.2520322961,2.24143293927468,"2021","Kusko","DOY_Total","Q2"
NA,NA,NA,NA,NA,NA,NA,NA,NA,NA,NA,NA,NA,NA,NA,NA,NA,NA,NA,NA,NA,NA,"19030502","Kuskokwim Delta","HUC8_Trimmed","/Users/benjaminmakhlouf/Spatial Data/HUC8_Trimmed.shp",4420.62562100491,0.176814127511305,6220318.78018474,0.000710675091940162,0.2717885418989,88666.2520322961,4.98569130833986,"2021","Kusko","DOY_Total","Q2"
NA,NA,NA,NA,NA,NA,NA,NA,NA,NA,NA,NA,NA,NA,NA,NA,NA,NA,NA,NA,NA,NA,"19030407","South Fork Kuskokwim River","HUC8_Trimmed","/Users/benjaminmakhlouf/Spatial Data/HUC8_Trimmed.shp",426.179762646127,0.0170461399258054,725260.727941768,0.000587622831661644,0.22472878874622,88666.2520322961,0.480656115351412,"2021","Kusko","DOY_Total","Q2"
NA,NA,NA,NA,NA,NA,NA,NA,NA,NA,NA,NA,NA,NA,NA,NA,NA,NA,NA,NA,NA,NA,"19030501","Aniak","HUC8_Trimmed","/Users/benjaminmakhlouf/Spatial Data/HUC8_Trimmed.shp",4319.68400875336,0.172776711853432,1798877.0674296,0.00240132251778923,0.91835488979524,88666.2520322961,4.87184685237394,"2021","Kusko","DOY_Total","Q2"
NA,NA,NA,NA,NA,NA,NA,NA,NA,NA,NA,NA,NA,NA,NA,NA,NA,NA,NA,NA,NA,NA,"19030404","Holitna River","HUC8_Trimmed","/Users/benjaminmakhlouf/Spatial Data/HUC8_Trimmed.shp",8810.49985499648,0.257565260856265,2237206.12572435,0.00393817080763797,1,88666.2520322961,9.93670043906594,"2021","Kusko","DOY_Total","Q3"
NA,NA,NA,NA,NA,NA,NA,NA,NA,NA,NA,NA,NA,NA,NA,NA,NA,NA,NA,NA,NA,NA,"19030403","Takotna River","HUC8_Trimmed","/Users/benjaminmakhlouf/Spatial Data/HUC8_Trimmed.shp",1979.88991522262,0.0578799013533615,770363.487306015,0.00257007237212962,0.652605612520675,88666.2520322961,2.23296899309723,"2021","Kusko","DOY_Total","Q3"
NA,NA,NA,NA,NA,NA,NA,NA,NA,NA,NA,NA,NA,NA,NA,NA,NA,NA,NA,NA,NA,NA,"19030405","Stony River","HUC8_Trimmed","/Users/benjaminmakhlouf/Spatial Data/HUC8_Trimmed.shp",7984.72145654976,0.23342453875129,2914112.91565278,0.00274001786741374,0.695759021447102,88666.2520322961,9.0053670630415,"2021","Kusko","DOY_Total","Q3"
NA,NA,NA,NA,NA,NA,NA,NA,NA,NA,NA,NA,NA,NA,NA,NA,NA,NA,NA,NA,NA,NA,"19030401","North Fork Kuskokwim River","HUC8_Trimmed","/Users/benjaminmakhlouf/Spatial Data/HUC8_Trimmed.shp",48.2150245953442,0.00140951314811593,1884947.19905091,2.55789788804805e-05,0.00649514206719293,88666.2520322961,0.0543781015777932,"2021","Kusko","DOY_Total","Q3"
NA,NA,NA,NA,NA,NA,NA,NA,NA,NA,NA,NA,NA,NA,NA,NA,NA,NA,NA,NA,NA,NA,"19030406","Middle Fork Kuskokwim River","HUC8_Trimmed","/Users/benjaminmakhlouf/Spatial Data/HUC8_Trimmed.shp",1263.67936557285,0.0369422746483413,928823.473467058,0.00136051618167644,0.345469063718049,88666.2520322961,1.42520895674328,"2021","Kusko","DOY_Total","Q3"
NA,NA,NA,NA,NA,NA,NA,NA,NA,NA,NA,NA,NA,NA,NA,NA,NA,NA,NA,NA,NA,NA,"19030502","Kuskokwim Delta","HUC8_Trimmed","/Users/benjaminmakhlouf/Spatial Data/HUC8_Trimmed.shp",7203.60598649032,0.210589488173469,6220318.78018474,0.0011580766582957,0.294064608891428,88666.2520322961,8.1244056463179,"2021","Kusko","DOY_Total","Q3"
NA,NA,NA,NA,NA,NA,NA,NA,NA,NA,NA,NA,NA,NA,NA,NA,NA,NA,NA,NA,NA,NA,"19030407","South Fork Kuskokwim River","HUC8_Trimmed","/Users/benjaminmakhlouf/Spatial Data/HUC8_Trimmed.shp",354.572993616149,0.010365551001234,725260.727941768,0.000488890381011528,0.124141487226339,88666.2520322961,0.399896223748127,"2021","Kusko","DOY_Total","Q3"
NA,NA,NA,NA,NA,NA,NA,NA,NA,NA,NA,NA,NA,NA,NA,NA,NA,NA,NA,NA,NA,NA,"19030501","Aniak","HUC8_Trimmed","/Users/benjaminmakhlouf/Spatial Data/HUC8_Trimmed.shp",6561.67942532633,0.191823472067924,1798877.0674296,0.00364765305208001,0.926230280567184,88666.2520322961,7.40042493612595,"2021","Kusko","DOY_Total","Q3"
NA,NA,NA,NA,NA,NA,NA,NA,NA,NA,NA,NA,NA,NA,NA,NA,NA,NA,NA,NA,NA,NA,"19030404","Holitna River","HUC8_Trimmed","/Users/benjaminmakhlouf/Spatial Data/HUC8_Trimmed.shp",3198.18935916411,0.203619758840371,2237206.12572435,0.00142954613005479,0.775944510050016,88666.2520322961,3.60699734776112,"2021","Kusko","DOY_Total","Q4"
NA,NA,NA,NA,NA,NA,NA,NA,NA,NA,NA,NA,NA,NA,NA,NA,NA,NA,NA,NA,NA,NA,"19030403","Takotna River","HUC8_Trimmed","/Users/benjaminmakhlouf/Spatial Data/HUC8_Trimmed.shp",682.663687700436,0.0434632849553885,770363.487306015,0.000886157896823137,0.480998367678439,88666.2520322961,0.769925052715411,"2021","Kusko","DOY_Total","Q4"
NA,NA,NA,NA,NA,NA,NA,NA,NA,NA,NA,NA,NA,NA,NA,NA,NA,NA,NA,NA,NA,NA,"19030405","Stony River","HUC8_Trimmed","/Users/benjaminmakhlouf/Spatial Data/HUC8_Trimmed.shp",3708.79401318995,0.236128527033723,2914112.91565278,0.00127270085976032,0.690810337844157,88666.2520322961,4.18286995128546,"2021","Kusko","DOY_Total","Q4"
NA,NA,NA,NA,NA,NA,NA,NA,NA,NA,NA,NA,NA,NA,NA,NA,NA,NA,NA,NA,NA,NA,"19030401","North Fork Kuskokwim River","HUC8_Trimmed","/Users/benjaminmakhlouf/Spatial Data/HUC8_Trimmed.shp",43.9695574578427,0.00279941857108291,1884947.19905091,2.33266785828175e-05,0.0126615068961397,88666.2520322961,0.0495899583550989,"2021","Kusko","DOY_Total","Q4"
NA,NA,NA,NA,NA,NA,NA,NA,NA,NA,NA,NA,NA,NA,NA,NA,NA,NA,NA,NA,NA,NA,"19030406","Middle Fork Kuskokwim River","HUC8_Trimmed","/Users/benjaminmakhlouf/Spatial Data/HUC8_Trimmed.shp",792.812042167255,0.0504761221749642,928823.473467058,0.000853565897950331,0.463307730024136,88666.2520322961,0.894153101090229,"2021","Kusko","DOY_Total","Q4"
NA,NA,NA,NA,NA,NA,NA,NA,NA,NA,NA,NA,NA,NA,NA,NA,NA,NA,NA,NA,NA,NA,"19030502","Kuskokwim Delta","HUC8_Trimmed","/Users/benjaminmakhlouf/Spatial Data/HUC8_Trimmed.shp",3797.82474978692,0.241796864670865,6220318.78018474,0.000610551465928909,0.3314017282341,88666.2520322961,4.28328102602508,"2021","Kusko","DOY_Total","Q4"
NA,NA,NA,NA,NA,NA,NA,NA,NA,NA,NA,NA,NA,NA,NA,NA,NA,NA,NA,NA,NA,NA,"19030407","South Fork Kuskokwim River","HUC8_Trimmed","/Users/benjaminmakhlouf/Spatial Data/HUC8_Trimmed.shp",168.29567065805,0.0107149139793984,725260.727941768,0.000232048509141892,0.12595379956507,88666.2520322961,0.189808034963234,"2021","Kusko","DOY_Total","Q4"
NA,NA,NA,NA,NA,NA,NA,NA,NA,NA,NA,NA,NA,NA,NA,NA,NA,NA,NA,NA,NA,NA,"19030501","Aniak","HUC8_Trimmed","/Users/benjaminmakhlouf/Spatial Data/HUC8_Trimmed.shp",3314.12583874398,0.211001109774208,1798877.0674296,0.00184233036195158,1,88666.2520322961,3.73775338731677,"2021","Kusko","DOY_Total","Q4"
NA,NA,NA,NA,NA,NA,NA,NA,NA,NA,NA,NA,NA,NA,NA,NA,NA,NA,NA,NA,NA,NA,"19030404","Holitna River","HUC8_Trimmed","/Users/benjaminmakhlouf/Spatial Data/HUC8_Trimmed.shp",1684.42931048555,0.119702290143781,2237206.12572435,0.000752916457324725,0.281834723088469,88666.2520322961,1.89974118887083,"2021","Kusko","Cumulative_DOY_Total","Q1"
NA,NA,NA,NA,NA,NA,NA,NA,NA,NA,NA,NA,NA,NA,NA,NA,NA,NA,NA,NA,NA,NA,"19030403","Takotna River","HUC8_Trimmed","/Users/benjaminmakhlouf/Spatial Data/HUC8_Trimmed.shp",689.256808328795,0.0489813481281485,770363.487306015,0.000894716351029496,0.334913830853306,88666.2520322961,0.777360937820781,"2021","Kusko","Cumulative_DOY_Total","Q1"
NA,NA,NA,NA,NA,NA,NA,NA,NA,NA,NA,NA,NA,NA,NA,NA,NA,NA,NA,NA,NA,NA,"19030405","Stony River","HUC8_Trimmed","/Users/benjaminmakhlouf/Spatial Data/HUC8_Trimmed.shp",6409.86137791913,0.455510410359648,2914112.91565278,0.00219959265939538,0.823360390169771,88666.2520322961,7.22920077368826,"2021","Kusko","Cumulative_DOY_Total","Q1"
NA,NA,NA,NA,NA,NA,NA,NA,NA,NA,NA,NA,NA,NA,NA,NA,NA,NA,NA,NA,NA,NA,"19030401","North Fork Kuskokwim River","HUC8_Trimmed","/Users/benjaminmakhlouf/Spatial Data/HUC8_Trimmed.shp",371.50693158164,0.0264007698261866,1884947.19905091,0.000197091426098671,0.0737760570342714,88666.2520322961,0.418994739335909,"2021","Kusko","Cumulative_DOY_Total","Q1"
NA,NA,NA,NA,NA,NA,NA,NA,NA,NA,NA,NA,NA,NA,NA,NA,NA,NA,NA,NA,NA,NA,"19030406","Middle Fork Kuskokwim River","HUC8_Trimmed","/Users/benjaminmakhlouf/Spatial Data/HUC8_Trimmed.shp",2481.3354133917,0.17633362810116,928823.473467058,0.00267148223992393,1,88666.2520322961,2.79851167328906,"2021","Kusko","Cumulative_DOY_Total","Q1"
NA,NA,NA,NA,NA,NA,NA,NA,NA,NA,NA,NA,NA,NA,NA,NA,NA,NA,NA,NA,NA,NA,"19030502","Kuskokwim Delta","HUC8_Trimmed","/Users/benjaminmakhlouf/Spatial Data/HUC8_Trimmed.shp",844.969835655183,0.060046939221916,6220318.78018474,0.000135840278531527,0.0508482805917492,88666.2520322961,0.952977955296236,"2021","Kusko","Cumulative_DOY_Total","Q1"
NA,NA,NA,NA,NA,NA,NA,NA,NA,NA,NA,NA,NA,NA,NA,NA,NA,NA,NA,NA,NA,NA,"19030407","South Fork Kuskokwim River","HUC8_Trimmed","/Users/benjaminmakhlouf/Spatial Data/HUC8_Trimmed.shp",390.868188763895,0.0277766582712236,725260.727941768,0.000538934721962883,0.201736217410986,88666.2520322961,0.440830845789584,"2021","Kusko","Cumulative_DOY_Total","Q1"
NA,NA,NA,NA,NA,NA,NA,NA,NA,NA,NA,NA,NA,NA,NA,NA,NA,NA,NA,NA,NA,NA,"19030501","Aniak","HUC8_Trimmed","/Users/benjaminmakhlouf/Spatial Data/HUC8_Trimmed.shp",1199.59405526165,0.0852479559479361,1798877.0674296,0.000666857161604565,0.249620660635031,88666.2520322961,1.35293195298782,"2021","Kusko","Cumulative_DOY_Total","Q1"
NA,NA,NA,NA,NA,NA,NA,NA,NA,NA,NA,NA,NA,NA,NA,NA,NA,NA,NA,NA,NA,NA,"19030404","Holitna River","HUC8_Trimmed","/Users/benjaminmakhlouf/Spatial Data/HUC8_Trimmed.shp",6303.93461926619,0.16133586110896,2237206.12572435,0.00281777103449739,0.585279606068736,88666.2520322961,7.1097339458648,"2021","Kusko","Cumulative_DOY_Total","Q2"
NA,NA,NA,NA,NA,NA,NA,NA,NA,NA,NA,NA,NA,NA,NA,NA,NA,NA,NA,NA,NA,NA,"19030403","Takotna River","HUC8_Trimmed","/Users/benjaminmakhlouf/Spatial Data/HUC8_Trimmed.shp",2071.63508939631,0.0530191144479534,770363.487306015,0.00268916572959718,0.558566980639335,88666.2520322961,2.33644147791623,"2021","Kusko","Cumulative_DOY_Total","Q2"
NA,NA,NA,NA,NA,NA,NA,NA,NA,NA,NA,NA,NA,NA,NA,NA,NA,NA,NA,NA,NA,NA,"19030405","Stony River","HUC8_Trimmed","/Users/benjaminmakhlouf/Spatial Data/HUC8_Trimmed.shp",14029.7096974481,0.359060718718239,2914112.91565278,0.00481440153608644,1,88666.2520322961,15.8230548555699,"2021","Kusko","Cumulative_DOY_Total","Q2"
NA,NA,NA,NA,NA,NA,NA,NA,NA,NA,NA,NA,NA,NA,NA,NA,NA,NA,NA,NA,NA,NA,"19030401","North Fork Kuskokwim River","HUC8_Trimmed","/Users/benjaminmakhlouf/Spatial Data/HUC8_Trimmed.shp",597.431839499278,0.0152900031648402,1884947.19905091,0.000316948845994249,0.0658334880500833,88666.2520322961,0.673798458608205,"2021","Kusko","Cumulative_DOY_Total","Q2"
NA,NA,NA,NA,NA,NA,NA,NA,NA,NA,NA,NA,NA,NA,NA,NA,NA,NA,NA,NA,NA,NA,"19030406","Middle Fork Kuskokwim River","HUC8_Trimmed","/Users/benjaminmakhlouf/Spatial Data/HUC8_Trimmed.shp",4468.7299924639,0.114367683826252,928823.473467058,0.00481117254259659,0.999329305321618,88666.2520322961,5.03994461256374,"2021","Kusko","Cumulative_DOY_Total","Q2"
NA,NA,NA,NA,NA,NA,NA,NA,NA,NA,NA,NA,NA,NA,NA,NA,NA,NA,NA,NA,NA,NA,"19030502","Kuskokwim Delta","HUC8_Trimmed","/Users/benjaminmakhlouf/Spatial Data/HUC8_Trimmed.shp",5265.59545666009,0.134761768412911,6220318.78018474,0.000846515370471688,0.175829823110228,88666.2520322961,5.9386692636361,"2021","Kusko","Cumulative_DOY_Total","Q2"
NA,NA,NA,NA,NA,NA,NA,NA,NA,NA,NA,NA,NA,NA,NA,NA,NA,NA,NA,NA,NA,NA,"19030407","South Fork Kuskokwim River","HUC8_Trimmed","/Users/benjaminmakhlouf/Spatial Data/HUC8_Trimmed.shp",817.047951410022,0.0209106126204386,725260.727941768,0.00112655755362453,0.233997423185498,88666.2520322961,0.921486961140996,"2021","Kusko","Cumulative_DOY_Total","Q2"
NA,NA,NA,NA,NA,NA,NA,NA,NA,NA,NA,NA,NA,NA,NA,NA,NA,NA,NA,NA,NA,NA,"19030501","Aniak","HUC8_Trimmed","/Users/benjaminmakhlouf/Spatial Data/HUC8_Trimmed.shp",5519.27806401501,0.141254237700407,1798877.0674296,0.0030681796793938,0.637292019869178,88666.2520322961,6.22477880536176,"2021","Kusko","Cumulative_DOY_Total","Q2"
NA,NA,NA,NA,NA,NA,NA,NA,NA,NA,NA,NA,NA,NA,NA,NA,NA,NA,NA,NA,NA,NA,"19030404","Holitna River","HUC8_Trimmed","/Users/benjaminmakhlouf/Spatial Data/HUC8_Trimmed.shp",15114.4344742627,0.206255290795292,2237206.12572435,0.00675594184213536,0.894303252345923,88666.2520322961,17.0464343849307,"2021","Kusko","Cumulative_DOY_Total","Q3"
NA,NA,NA,NA,NA,NA,NA,NA,NA,NA,NA,NA,NA,NA,NA,NA,NA,NA,NA,NA,NA,NA,"19030403","Takotna River","HUC8_Trimmed","/Users/benjaminmakhlouf/Spatial Data/HUC8_Trimmed.shp",4051.52500461892,0.0552881068368811,770363.487306015,0.0052592381017268,0.696180317879895,88666.2520322961,4.56941047101346,"2021","Kusko","Cumulative_DOY_Total","Q3"
NA,NA,NA,NA,NA,NA,NA,NA,NA,NA,NA,NA,NA,NA,NA,NA,NA,NA,NA,NA,NA,NA,"19030405","Stony River","HUC8_Trimmed","/Users/benjaminmakhlouf/Spatial Data/HUC8_Trimmed.shp",22014.4311539978,0.300414342798775,2914112.91565278,0.00755441940350018,1,88666.2520322961,24.8284219186114,"2021","Kusko","Cumulative_DOY_Total","Q3"
NA,NA,NA,NA,NA,NA,NA,NA,NA,NA,NA,NA,NA,NA,NA,NA,NA,NA,NA,NA,NA,NA,"19030401","North Fork Kuskokwim River","HUC8_Trimmed","/Users/benjaminmakhlouf/Spatial Data/HUC8_Trimmed.shp",645.646864094622,0.00881065592838869,1884947.19905091,0.00034252782487473,0.0453413831797619,88666.2520322961,0.728176560185998,"2021","Kusko","Cumulative_DOY_Total","Q3"
NA,NA,NA,NA,NA,NA,NA,NA,NA,NA,NA,NA,NA,NA,NA,NA,NA,NA,NA,NA,NA,NA,"19030406","Middle Fork Kuskokwim River","HUC8_Trimmed","/Users/benjaminmakhlouf/Spatial Data/HUC8_Trimmed.shp",5732.40935803675,0.0782258681998886,928823.473467058,0.00617168872427303,0.816964004065423,88666.2520322961,6.46515356930701,"2021","Kusko","Cumulative_DOY_Total","Q3"
NA,NA,NA,NA,NA,NA,NA,NA,NA,NA,NA,NA,NA,NA,NA,NA,NA,NA,NA,NA,NA,NA,"19030502","Kuskokwim Delta","HUC8_Trimmed","/Users/benjaminmakhlouf/Spatial Data/HUC8_Trimmed.shp",12469.2014431504,0.170157790158902,6220318.78018474,0.00200459202876739,0.265353552893635,88666.2520322961,14.063074909954,"2021","Kusko","Cumulative_DOY_Total","Q3"
NA,NA,NA,NA,NA,NA,NA,NA,NA,NA,NA,NA,NA,NA,NA,NA,NA,NA,NA,NA,NA,NA,"19030407","South Fork Kuskokwim River","HUC8_Trimmed","/Users/benjaminmakhlouf/Spatial Data/HUC8_Trimmed.shp",1171.62094502617,0.0159882276197447,725260.727941768,0.00161544793463606,0.21384144145976,88666.2520322961,1.32138318488912,"2021","Kusko","Cumulative_DOY_Total","Q3"
NA,NA,NA,NA,NA,NA,NA,NA,NA,NA,NA,NA,NA,NA,NA,NA,NA,NA,NA,NA,NA,NA,"19030501","Aniak","HUC8_Trimmed","/Users/benjaminmakhlouf/Spatial Data/HUC8_Trimmed.shp",12080.9574893414,0.164859717662127,1798877.0674296,0.00671583273147382,0.888993895197582,88666.2520322961,13.6252037414877,"2021","Kusko","Cumulative_DOY_Total","Q3"
NA,NA,NA,NA,NA,NA,NA,NA,NA,NA,NA,NA,NA,NA,NA,NA,NA,NA,NA,NA,NA,NA,"19030404","Holitna River","HUC8_Trimmed","/Users/benjaminmakhlouf/Spatial Data/HUC8_Trimmed.shp",18312.6238334268,0.205790104988325,2237206.12572435,0.00818548797219015,0.927311255320617,88666.2520322961,20.6534317326919,"2021","Kusko","Cumulative_DOY_Total","Q4"
NA,NA,NA,NA,NA,NA,NA,NA,NA,NA,NA,NA,NA,NA,NA,NA,NA,NA,NA,NA,NA,NA,"19030403","Takotna River","HUC8_Trimmed","/Users/benjaminmakhlouf/Spatial Data/HUC8_Trimmed.shp",4734.18869231936,0.0532009610904913,770363.487306015,0.00614539599854994,0.696194887490974,88666.2520322961,5.33933552372887,"2021","Kusko","Cumulative_DOY_Total","Q4"
NA,NA,NA,NA,NA,NA,NA,NA,NA,NA,NA,NA,NA,NA,NA,NA,NA,NA,NA,NA,NA,NA,"19030405","Stony River","HUC8_Trimmed","/Users/benjaminmakhlouf/Spatial Data/HUC8_Trimmed.shp",25723.2251671878,0.289067544659073,2914112.91565278,0.00882712026326049,1,88666.2520322961,29.0112918698968,"2021","Kusko","Cumulative_DOY_Total","Q4"
NA,NA,NA,NA,NA,NA,NA,NA,NA,NA,NA,NA,NA,NA,NA,NA,NA,NA,NA,NA,NA,NA,"19030401","North Fork Kuskokwim River","HUC8_Trimmed","/Users/benjaminmakhlouf/Spatial Data/HUC8_Trimmed.shp",689.616421552465,0.00774963965206936,1884947.19905091,0.000365854503457547,0.0414466431345992,88666.2520322961,0.777766518541097,"2021","Kusko","Cumulative_DOY_Total","Q4"
NA,NA,NA,NA,NA,NA,NA,NA,NA,NA,NA,NA,NA,NA,NA,NA,NA,NA,NA,NA,NA,NA,"19030406","Middle Fork Kuskokwim River","HUC8_Trimmed","/Users/benjaminmakhlouf/Spatial Data/HUC8_Trimmed.shp",6525.221400204,0.0733278862294397,928823.473467058,0.00702525462222336,0.795871633409515,88666.2520322961,7.35930667039724,"2021","Kusko","Cumulative_DOY_Total","Q4"
NA,NA,NA,NA,NA,NA,NA,NA,NA,NA,NA,NA,NA,NA,NA,NA,NA,NA,NA,NA,NA,NA,"19030502","Kuskokwim Delta","HUC8_Trimmed","/Users/benjaminmakhlouf/Spatial Data/HUC8_Trimmed.shp",16267.0261929373,0.182802478691333,6220318.78018474,0.0026151434946963,0.296262361529255,88666.2520322961,18.3463559359791,"2021","Kusko","Cumulative_DOY_Total","Q4"
NA,NA,NA,NA,NA,NA,NA,NA,NA,NA,NA,NA,NA,NA,NA,NA,NA,NA,NA,NA,NA,NA,"19030407","South Fork Kuskokwim River","HUC8_Trimmed","/Users/benjaminmakhlouf/Spatial Data/HUC8_Trimmed.shp",1339.91661568422,0.0150574589160694,725260.727941768,0.00184749644377795,0.209297753817567,88666.2520322961,1.51119121985236,"2021","Kusko","Cumulative_DOY_Total","Q4"
NA,NA,NA,NA,NA,NA,NA,NA,NA,NA,NA,NA,NA,NA,NA,NA,NA,NA,NA,NA,NA,NA,"19030501","Aniak","HUC8_Trimmed","/Users/benjaminmakhlouf/Spatial Data/HUC8_Trimmed.shp",15395.0833280853,0.173003925773199,1798877.0674296,0.00855816309342539,0.969530587347435,88666.2520322961,17.3629571288045,"2021","Kusko","Cumulative_DOY_Total","Q4"
