"OBJECTID","validityDa","datasetNam","provinceCo","province_1","province_2","province_3","edition","version","SHAPE_Leng","SHAPE_Area","dissolve","TNMID","MetaSource","SourceData","SourceOrig","SourceFeat","LoadDate","GNIS_ID","AreaAcres","AreaSqKm","States","HUC8","Name","layer","path","total_production","production_proportion","total_stream_length","production_per_meter","production_per_meter_norm","year","watershed","analysis_type","quartile"
NA,NA,NA,NA,NA,NA,NA,NA,NA,NA,NA,NA,NA,NA,NA,NA,NA,NA,NA,NA,NA,NA,"19030404","Holitna River","HUC8_Trimmed","/Users/benjaminmakhlouf/Spatial Data/HUC8_Trimmed.shp",0.159844632772215,0.159266965422115,2237206.12572435,7.14483260769997e-08,0.608914609888979,"2017","Kusko","DOY","Q1"
NA,NA,NA,NA,NA,NA,NA,NA,NA,NA,NA,NA,NA,NA,NA,NA,NA,NA,NA,NA,NA,NA,"19030403","Takotna River","HUC8_Trimmed","/Users/benjaminmakhlouf/Spatial Data/HUC8_Trimmed.shp",0.0176899705737549,0.0176260402543726,770363.487306015,2.29631477416165e-08,0.195702221684527,"2017","Kusko","DOY","Q1"
NA,NA,NA,NA,NA,NA,NA,NA,NA,NA,NA,NA,NA,NA,NA,NA,NA,NA,NA,NA,NA,NA,"19030405","Stony River","HUC8_Trimmed","/Users/benjaminmakhlouf/Spatial Data/HUC8_Trimmed.shp",0.302714323848603,0.301620335403311,2914112.91565278,1.03878721453315e-07,0.885300952766107,"2017","Kusko","DOY","Q1"
NA,NA,NA,NA,NA,NA,NA,NA,NA,NA,NA,NA,NA,NA,NA,NA,NA,NA,NA,NA,NA,NA,"19030401","North Fork Kuskokwim River","HUC8_Trimmed","/Users/benjaminmakhlouf/Spatial Data/HUC8_Trimmed.shp",0.0126596891436269,0.0126139379103584,1884947.19905091,6.71620358915155e-09,0.0572384926697349,"2017","Kusko","DOY","Q1"
NA,NA,NA,NA,NA,NA,NA,NA,NA,NA,NA,NA,NA,NA,NA,NA,NA,NA,NA,NA,NA,NA,"19030406","Middle Fork Kuskokwim River","HUC8_Trimmed","/Users/benjaminmakhlouf/Spatial Data/HUC8_Trimmed.shp",0.0766865180124153,0.0764093782869188,928823.473467058,8.25630705974349e-08,0.703639436841295,"2017","Kusko","DOY","Q1"
NA,NA,NA,NA,NA,NA,NA,NA,NA,NA,NA,NA,NA,NA,NA,NA,NA,NA,NA,NA,NA,NA,"19030502","Kuskokwim Delta","HUC8_Trimmed","/Users/benjaminmakhlouf/Spatial Data/HUC8_Trimmed.shp",0.206692104093481,0.205945133250686,6220318.78018474,3.32285388253595e-08,0.283188478540689,"2017","Kusko","DOY","Q1"
NA,NA,NA,NA,NA,NA,NA,NA,NA,NA,NA,NA,NA,NA,NA,NA,NA,NA,NA,NA,NA,NA,"19030407","South Fork Kuskokwim River","HUC8_Trimmed","/Users/benjaminmakhlouf/Spatial Data/HUC8_Trimmed.shp",0.0162646288441252,0.0162058496103043,725260.727941768,2.24259059087384e-08,0.191123606354471,"2017","Kusko","DOY","Q1"
NA,NA,NA,NA,NA,NA,NA,NA,NA,NA,NA,NA,NA,NA,NA,NA,NA,NA,NA,NA,NA,NA,"19030501","Aniak","HUC8_Trimmed","/Users/benjaminmakhlouf/Spatial Data/HUC8_Trimmed.shp",0.211075170801996,0.210312359861933,1798877.0674296,1.1733718474915e-07,1,"2017","Kusko","DOY","Q1"
NA,NA,NA,NA,NA,NA,NA,NA,NA,NA,NA,NA,NA,NA,NA,NA,NA,NA,NA,NA,NA,NA,"19030404","Holitna River","HUC8_Trimmed","/Users/benjaminmakhlouf/Spatial Data/HUC8_Trimmed.shp",0.214938035403161,0.214090891721732,2237206.12572435,9.60743102442426e-08,0.917383324902962,"2017","Kusko","DOY","Q2"
NA,NA,NA,NA,NA,NA,NA,NA,NA,NA,NA,NA,NA,NA,NA,NA,NA,NA,NA,NA,NA,NA,"19030403","Takotna River","HUC8_Trimmed","/Users/benjaminmakhlouf/Spatial Data/HUC8_Trimmed.shp",0.0582865662526119,0.0580568391304649,770363.487306015,7.56611225908978e-08,0.722464226200239,"2017","Kusko","DOY","Q2"
NA,NA,NA,NA,NA,NA,NA,NA,NA,NA,NA,NA,NA,NA,NA,NA,NA,NA,NA,NA,NA,NA,"19030405","Stony River","HUC8_Trimmed","/Users/benjaminmakhlouf/Spatial Data/HUC8_Trimmed.shp",0.305184736571045,0.303981900038321,2914112.91565278,1.0472646235902e-07,1,"2017","Kusko","DOY","Q2"
NA,NA,NA,NA,NA,NA,NA,NA,NA,NA,NA,NA,NA,NA,NA,NA,NA,NA,NA,NA,NA,NA,"19030401","North Fork Kuskokwim River","HUC8_Trimmed","/Users/benjaminmakhlouf/Spatial Data/HUC8_Trimmed.shp",0.00839103269162078,0.0083579607864457,1884947.19905091,4.4516009232756e-09,0.0425069349522642,"2017","Kusko","DOY","Q2"
NA,NA,NA,NA,NA,NA,NA,NA,NA,NA,NA,NA,NA,NA,NA,NA,NA,NA,NA,NA,NA,NA,"19030406","Middle Fork Kuskokwim River","HUC8_Trimmed","/Users/benjaminmakhlouf/Spatial Data/HUC8_Trimmed.shp",0.0780893941704522,0.0777816173884879,928823.473467058,8.40734503392391e-08,0.802790893967384,"2017","Kusko","DOY","Q2"
NA,NA,NA,NA,NA,NA,NA,NA,NA,NA,NA,NA,NA,NA,NA,NA,NA,NA,NA,NA,NA,NA,"19030502","Kuskokwim Delta","HUC8_Trimmed","/Users/benjaminmakhlouf/Spatial Data/HUC8_Trimmed.shp",0.162570752970687,0.161930006506684,6220318.78018474,2.61354375419741e-08,0.249559060367928,"2017","Kusko","DOY","Q2"
NA,NA,NA,NA,NA,NA,NA,NA,NA,NA,NA,NA,NA,NA,NA,NA,NA,NA,NA,NA,NA,NA,"19030407","South Fork Kuskokwim River","HUC8_Trimmed","/Users/benjaminmakhlouf/Spatial Data/HUC8_Trimmed.shp",0.0163471537784427,0.0162827241022023,725260.727941768,2.25396924838803e-08,0.215224423475802,"2017","Kusko","DOY","Q2"
NA,NA,NA,NA,NA,NA,NA,NA,NA,NA,NA,NA,NA,NA,NA,NA,NA,NA,NA,NA,NA,NA,"19030501","Aniak","HUC8_Trimmed","/Users/benjaminmakhlouf/Spatial Data/HUC8_Trimmed.shp",0.160149262876093,0.159518060325662,1798877.0674296,8.90273525499597e-08,0.850094145687448,"2017","Kusko","DOY","Q2"
NA,NA,NA,NA,NA,NA,NA,NA,NA,NA,NA,NA,NA,NA,NA,NA,NA,NA,NA,NA,NA,NA,"19030404","Holitna River","HUC8_Trimmed","/Users/benjaminmakhlouf/Spatial Data/HUC8_Trimmed.shp",0.193878071004555,0.193100766989346,2237206.12572435,8.66607992778413e-08,0.82770731771423,"2017","Kusko","DOY","Q3"
NA,NA,NA,NA,NA,NA,NA,NA,NA,NA,NA,NA,NA,NA,NA,NA,NA,NA,NA,NA,NA,NA,"19030403","Takotna River","HUC8_Trimmed","/Users/benjaminmakhlouf/Spatial Data/HUC8_Trimmed.shp",0.0538851992629323,0.0536691604838668,770363.487306015,6.99477586241406e-08,0.668079133280203,"2017","Kusko","DOY","Q3"
NA,NA,NA,NA,NA,NA,NA,NA,NA,NA,NA,NA,NA,NA,NA,NA,NA,NA,NA,NA,NA,NA,"19030405","Stony River","HUC8_Trimmed","/Users/benjaminmakhlouf/Spatial Data/HUC8_Trimmed.shp",0.30510706991664,0.303883821978976,2914112.91565278,1.04699810456142e-07,1,"2017","Kusko","DOY","Q3"
NA,NA,NA,NA,NA,NA,NA,NA,NA,NA,NA,NA,NA,NA,NA,NA,NA,NA,NA,NA,NA,NA,"19030401","North Fork Kuskokwim River","HUC8_Trimmed","/Users/benjaminmakhlouf/Spatial Data/HUC8_Trimmed.shp",0.00751468032049973,0.00748455215202834,1884947.19905091,3.9866794806154e-09,0.0380772368473905,"2017","Kusko","DOY","Q3"
NA,NA,NA,NA,NA,NA,NA,NA,NA,NA,NA,NA,NA,NA,NA,NA,NA,NA,NA,NA,NA,NA,"19030406","Middle Fork Kuskokwim River","HUC8_Trimmed","/Users/benjaminmakhlouf/Spatial Data/HUC8_Trimmed.shp",0.0791298608530148,0.0788126101281378,928823.473467058,8.51936488616545e-08,0.813694394388057,"2017","Kusko","DOY","Q3"
NA,NA,NA,NA,NA,NA,NA,NA,NA,NA,NA,NA,NA,NA,NA,NA,NA,NA,NA,NA,NA,NA,"19030502","Kuskokwim Delta","HUC8_Trimmed","/Users/benjaminmakhlouf/Spatial Data/HUC8_Trimmed.shp",0.175500620424331,0.174796996047316,6220318.78018474,2.82140878347586e-08,0.269476016354179,"2017","Kusko","DOY","Q3"
NA,NA,NA,NA,NA,NA,NA,NA,NA,NA,NA,NA,NA,NA,NA,NA,NA,NA,NA,NA,NA,NA,"19030407","South Fork Kuskokwim River","HUC8_Trimmed","/Users/benjaminmakhlouf/Spatial Data/HUC8_Trimmed.shp",0.016812136527339,0.0167447326112631,725260.727941768,2.31808174352008e-08,0.221402668583733,"2017","Kusko","DOY","Q3"
NA,NA,NA,NA,NA,NA,NA,NA,NA,NA,NA,NA,NA,NA,NA,NA,NA,NA,NA,NA,NA,NA,"19030501","Aniak","HUC8_Trimmed","/Users/benjaminmakhlouf/Spatial Data/HUC8_Trimmed.shp",0.172197741948507,0.171507359609066,1798877.0674296,9.57251304529435e-08,0.914281793213393,"2017","Kusko","DOY","Q3"
NA,NA,NA,NA,NA,NA,NA,NA,NA,NA,NA,NA,NA,NA,NA,NA,NA,NA,NA,NA,NA,NA,"19030404","Holitna River","HUC8_Trimmed","/Users/benjaminmakhlouf/Spatial Data/HUC8_Trimmed.shp",0.177544690331705,0.176979673975992,2237206.12572435,7.9360005450647e-08,0.620888390587376,"2017","Kusko","DOY","Q4"
NA,NA,NA,NA,NA,NA,NA,NA,NA,NA,NA,NA,NA,NA,NA,NA,NA,NA,NA,NA,NA,NA,"19030403","Takotna River","HUC8_Trimmed","/Users/benjaminmakhlouf/Spatial Data/HUC8_Trimmed.shp",0.0505716735711853,0.0504107348089496,770363.487306015,6.56465089590838e-08,0.513598191731891,"2017","Kusko","DOY","Q4"
NA,NA,NA,NA,NA,NA,NA,NA,NA,NA,NA,NA,NA,NA,NA,NA,NA,NA,NA,NA,NA,NA,"19030405","Stony River","HUC8_Trimmed","/Users/benjaminmakhlouf/Spatial Data/HUC8_Trimmed.shp",0.236913076846261,0.236159127161534,2914112.91565278,8.12985233254733e-08,0.636054761060653,"2017","Kusko","DOY","Q4"
NA,NA,NA,NA,NA,NA,NA,NA,NA,NA,NA,NA,NA,NA,NA,NA,NA,NA,NA,NA,NA,NA,"19030401","North Fork Kuskokwim River","HUC8_Trimmed","/Users/benjaminmakhlouf/Spatial Data/HUC8_Trimmed.shp",0.00627895562634424,0.00625897354397921,1884947.19905091,3.33110425029718e-09,0.0260615400049588,"2017","Kusko","DOY","Q4"
NA,NA,NA,NA,NA,NA,NA,NA,NA,NA,NA,NA,NA,NA,NA,NA,NA,NA,NA,NA,NA,NA,"19030406","Middle Fork Kuskokwim River","HUC8_Trimmed","/Users/benjaminmakhlouf/Spatial Data/HUC8_Trimmed.shp",0.0401475996146753,0.0400198343157946,928823.473467058,4.32241440505532e-08,0.338172472162376,"2017","Kusko","DOY","Q4"
NA,NA,NA,NA,NA,NA,NA,NA,NA,NA,NA,NA,NA,NA,NA,NA,NA,NA,NA,NA,NA,NA,"19030502","Kuskokwim Delta","HUC8_Trimmed","/Users/benjaminmakhlouf/Spatial Data/HUC8_Trimmed.shp",0.250016171481241,0.249220522645921,6220318.78018474,4.01934660129775e-08,0.314461374885434,"2017","Kusko","DOY","Q4"
NA,NA,NA,NA,NA,NA,NA,NA,NA,NA,NA,NA,NA,NA,NA,NA,NA,NA,NA,NA,NA,NA,"19030407","South Fork Kuskokwim River","HUC8_Trimmed","/Users/benjaminmakhlouf/Spatial Data/HUC8_Trimmed.shp",0.011793560897112,0.0117560291929168,725260.727941768,1.62611326420241e-08,0.127222124266523,"2017","Kusko","DOY","Q4"
NA,NA,NA,NA,NA,NA,NA,NA,NA,NA,NA,NA,NA,NA,NA,NA,NA,NA,NA,NA,NA,NA,"19030501","Aniak","HUC8_Trimmed","/Users/benjaminmakhlouf/Spatial Data/HUC8_Trimmed.shp",0.229926821052659,0.229195104354913,1798877.0674296,1.27816861538626e-07,1,"2017","Kusko","DOY","Q4"
NA,NA,NA,NA,NA,NA,NA,NA,NA,NA,NA,NA,NA,NA,NA,NA,NA,NA,NA,NA,NA,NA,"19030404","Holitna River","HUC8_Trimmed","/Users/benjaminmakhlouf/Spatial Data/HUC8_Trimmed.shp",0.0943719957456123,0.0938912239158577,2237206.12572435,4.21829685966272e-08,0.235486986259862,"2018","Kusko","DOY","Q1"
NA,NA,NA,NA,NA,NA,NA,NA,NA,NA,NA,NA,NA,NA,NA,NA,NA,NA,NA,NA,NA,NA,"19030403","Takotna River","HUC8_Trimmed","/Users/benjaminmakhlouf/Spatial Data/HUC8_Trimmed.shp",0.0311998549158454,0.0310409093386383,770363.487306015,4.0500173528411e-08,0.226092760289267,"2018","Kusko","DOY","Q1"
NA,NA,NA,NA,NA,NA,NA,NA,NA,NA,NA,NA,NA,NA,NA,NA,NA,NA,NA,NA,NA,NA,"19030405","Stony River","HUC8_Trimmed","/Users/benjaminmakhlouf/Spatial Data/HUC8_Trimmed.shp",0.443573353964653,0.441313599136634,2914112.91565278,1.52215568443507e-07,0.84974544625717,"2018","Kusko","DOY","Q1"
NA,NA,NA,NA,NA,NA,NA,NA,NA,NA,NA,NA,NA,NA,NA,NA,NA,NA,NA,NA,NA,NA,"19030401","North Fork Kuskokwim River","HUC8_Trimmed","/Users/benjaminmakhlouf/Spatial Data/HUC8_Trimmed.shp",0.0218141523045851,0.0217030215625131,1884947.19905091,1.15728187588325e-08,0.0646054154725127,"2018","Kusko","DOY","Q1"
NA,NA,NA,NA,NA,NA,NA,NA,NA,NA,NA,NA,NA,NA,NA,NA,NA,NA,NA,NA,NA,NA,"19030406","Middle Fork Kuskokwim River","HUC8_Trimmed","/Users/benjaminmakhlouf/Spatial Data/HUC8_Trimmed.shp",0.166380877497133,0.165533261228361,928823.473467058,1.7913078453549e-07,1,"2018","Kusko","DOY","Q1"
NA,NA,NA,NA,NA,NA,NA,NA,NA,NA,NA,NA,NA,NA,NA,NA,NA,NA,NA,NA,NA,NA,"19030502","Kuskokwim Delta","HUC8_Trimmed","/Users/benjaminmakhlouf/Spatial Data/HUC8_Trimmed.shp",0.103102731658078,0.102577481677294,6220318.78018474,1.6575152383913e-08,0.0925310098255562,"2018","Kusko","DOY","Q1"
NA,NA,NA,NA,NA,NA,NA,NA,NA,NA,NA,NA,NA,NA,NA,NA,NA,NA,NA,NA,NA,NA,"19030407","South Fork Kuskokwim River","HUC8_Trimmed","/Users/benjaminmakhlouf/Spatial Data/HUC8_Trimmed.shp",0.0272124663003036,0.0270738342081033,725260.727941768,3.75209428167031e-08,0.209461165002989,"2018","Kusko","DOY","Q1"
NA,NA,NA,NA,NA,NA,NA,NA,NA,NA,NA,NA,NA,NA,NA,NA,NA,NA,NA,NA,NA,NA,"19030501","Aniak","HUC8_Trimmed","/Users/benjaminmakhlouf/Spatial Data/HUC8_Trimmed.shp",0.117465086973357,0.116866668932599,1798877.0674296,6.52991186002508e-08,0.364533202763445,"2018","Kusko","DOY","Q1"
NA,NA,NA,NA,NA,NA,NA,NA,NA,NA,NA,NA,NA,NA,NA,NA,NA,NA,NA,NA,NA,NA,"19030404","Holitna River","HUC8_Trimmed","/Users/benjaminmakhlouf/Spatial Data/HUC8_Trimmed.shp",0.158686353009637,0.15801310994949,2237206.12572435,7.09305911444607e-08,0.598083031462322,"2018","Kusko","DOY","Q2"
NA,NA,NA,NA,NA,NA,NA,NA,NA,NA,NA,NA,NA,NA,NA,NA,NA,NA,NA,NA,NA,NA,"19030403","Takotna River","HUC8_Trimmed","/Users/benjaminmakhlouf/Spatial Data/HUC8_Trimmed.shp",0.0550728657555995,0.0548392134977388,770363.487306015,7.14894548652494e-08,0.602795341100668,"2018","Kusko","DOY","Q2"
NA,NA,NA,NA,NA,NA,NA,NA,NA,NA,NA,NA,NA,NA,NA,NA,NA,NA,NA,NA,NA,NA,"19030405","Stony River","HUC8_Trimmed","/Users/benjaminmakhlouf/Spatial Data/HUC8_Trimmed.shp",0.344559874084773,0.343098043627187,2914112.91565278,1.182383401254e-07,0.9969794944081,"2018","Kusko","DOY","Q2"
NA,NA,NA,NA,NA,NA,NA,NA,NA,NA,NA,NA,NA,NA,NA,NA,NA,NA,NA,NA,NA,NA,"19030401","North Fork Kuskokwim River","HUC8_Trimmed","/Users/benjaminmakhlouf/Spatial Data/HUC8_Trimmed.shp",0.0136057661437847,0.0135480422912885,1884947.19905091,7.21811526107224e-09,0.0608627700281569,"2018","Kusko","DOY","Q2"
NA,NA,NA,NA,NA,NA,NA,NA,NA,NA,NA,NA,NA,NA,NA,NA,NA,NA,NA,NA,NA,NA,"19030406","Middle Fork Kuskokwim River","HUC8_Trimmed","/Users/benjaminmakhlouf/Spatial Data/HUC8_Trimmed.shp",0.11015527038242,0.109687925397064,928823.473467058,1.18596561703204e-07,1,"2018","Kusko","DOY","Q2"
NA,NA,NA,NA,NA,NA,NA,NA,NA,NA,NA,NA,NA,NA,NA,NA,NA,NA,NA,NA,NA,NA,"19030502","Kuskokwim Delta","HUC8_Trimmed","/Users/benjaminmakhlouf/Spatial Data/HUC8_Trimmed.shp",0.166717057731399,0.16600974358625,6220318.78018474,2.68020118619141e-08,0.225993160990518,"2018","Kusko","DOY","Q2"
NA,NA,NA,NA,NA,NA,NA,NA,NA,NA,NA,NA,NA,NA,NA,NA,NA,NA,NA,NA,NA,NA,"19030407","South Fork Kuskokwim River","HUC8_Trimmed","/Users/benjaminmakhlouf/Spatial Data/HUC8_Trimmed.shp",0.0197619156798061,0.0196780737341422,725260.727941768,2.72480156700182e-08,0.229753841753087,"2018","Kusko","DOY","Q2"
NA,NA,NA,NA,NA,NA,NA,NA,NA,NA,NA,NA,NA,NA,NA,NA,NA,NA,NA,NA,NA,NA,"19030501","Aniak","HUC8_Trimmed","/Users/benjaminmakhlouf/Spatial Data/HUC8_Trimmed.shp",0.13570157571174,0.13512584791684,1798877.0674296,7.54368256557093e-08,0.636079364969239,"2018","Kusko","DOY","Q2"
NA,NA,NA,NA,NA,NA,NA,NA,NA,NA,NA,NA,NA,NA,NA,NA,NA,NA,NA,NA,NA,NA,"19030404","Holitna River","HUC8_Trimmed","/Users/benjaminmakhlouf/Spatial Data/HUC8_Trimmed.shp",0.199668486430539,0.198983604955214,2237206.12572435,8.92490343802773e-08,0.752574946813691,"2018","Kusko","DOY","Q3"
NA,NA,NA,NA,NA,NA,NA,NA,NA,NA,NA,NA,NA,NA,NA,NA,NA,NA,NA,NA,NA,NA,"19030403","Takotna River","HUC8_Trimmed","/Users/benjaminmakhlouf/Spatial Data/HUC8_Trimmed.shp",0.0524737131823479,0.0522937234666817,770363.487306015,6.81155247451435e-08,0.57437077911502,"2018","Kusko","DOY","Q3"
NA,NA,NA,NA,NA,NA,NA,NA,NA,NA,NA,NA,NA,NA,NA,NA,NA,NA,NA,NA,NA,NA,"19030405","Stony River","HUC8_Trimmed","/Users/benjaminmakhlouf/Spatial Data/HUC8_Trimmed.shp",0.237719045967983,0.23690364753518,2914112.91565278,8.15750977565439e-08,0.687865984004632,"2018","Kusko","DOY","Q3"
NA,NA,NA,NA,NA,NA,NA,NA,NA,NA,NA,NA,NA,NA,NA,NA,NA,NA,NA,NA,NA,NA,"19030401","North Fork Kuskokwim River","HUC8_Trimmed","/Users/benjaminmakhlouf/Spatial Data/HUC8_Trimmed.shp",0.00542299799888264,0.00540439661147013,1884947.19905091,2.87700260336904e-09,0.0242597591811231,"2018","Kusko","DOY","Q3"
NA,NA,NA,NA,NA,NA,NA,NA,NA,NA,NA,NA,NA,NA,NA,NA,NA,NA,NA,NA,NA,NA,"19030406","Middle Fork Kuskokwim River","HUC8_Trimmed","/Users/benjaminmakhlouf/Spatial Data/HUC8_Trimmed.shp",0.0499817418096645,0.0498102997875312,928823.473467058,5.38118848602045e-08,0.453758146156058,"2018","Kusko","DOY","Q3"
NA,NA,NA,NA,NA,NA,NA,NA,NA,NA,NA,NA,NA,NA,NA,NA,NA,NA,NA,NA,NA,NA,"19030502","Kuskokwim Delta","HUC8_Trimmed","/Users/benjaminmakhlouf/Spatial Data/HUC8_Trimmed.shp",0.233368697967504,0.232568221632875,6220318.78018474,3.75171604887704e-08,0.31635608447184,"2018","Kusko","DOY","Q3"
NA,NA,NA,NA,NA,NA,NA,NA,NA,NA,NA,NA,NA,NA,NA,NA,NA,NA,NA,NA,NA,NA,"19030407","South Fork Kuskokwim River","HUC8_Trimmed","/Users/benjaminmakhlouf/Spatial Data/HUC8_Trimmed.shp",0.0114755841557915,0.01143622183504,725260.727941768,1.58227017039214e-08,0.133421823283154,"2018","Kusko","DOY","Q3"
NA,NA,NA,NA,NA,NA,NA,NA,NA,NA,NA,NA,NA,NA,NA,NA,NA,NA,NA,NA,NA,NA,"19030501","Aniak","HUC8_Trimmed","/Users/benjaminmakhlouf/Spatial Data/HUC8_Trimmed.shp",0.213331631509469,0.212599884176008,1798877.0674296,1.18591556572733e-07,1,"2018","Kusko","DOY","Q3"
NA,NA,NA,NA,NA,NA,NA,NA,NA,NA,NA,NA,NA,NA,NA,NA,NA,NA,NA,NA,NA,NA,"19030404","Holitna River","HUC8_Trimmed","/Users/benjaminmakhlouf/Spatial Data/HUC8_Trimmed.shp",0.179595155687619,0.179081801219019,2237206.12572435,8.02765349256636e-08,0.605412009325524,"2018","Kusko","DOY","Q4"
NA,NA,NA,NA,NA,NA,NA,NA,NA,NA,NA,NA,NA,NA,NA,NA,NA,NA,NA,NA,NA,NA,"19030403","Takotna River","HUC8_Trimmed","/Users/benjaminmakhlouf/Spatial Data/HUC8_Trimmed.shp",0.0530321159256765,0.0528805290213106,770363.487306015,6.8840380936448e-08,0.519165325011379,"2018","Kusko","DOY","Q4"
NA,NA,NA,NA,NA,NA,NA,NA,NA,NA,NA,NA,NA,NA,NA,NA,NA,NA,NA,NA,NA,NA,"19030405","Stony River","HUC8_Trimmed","/Users/benjaminmakhlouf/Spatial Data/HUC8_Trimmed.shp",0.20633342042832,0.205743637352084,2914112.91565278,7.08048817600811e-08,0.533980767557058,"2018","Kusko","DOY","Q4"
NA,NA,NA,NA,NA,NA,NA,NA,NA,NA,NA,NA,NA,NA,NA,NA,NA,NA,NA,NA,NA,NA,"19030401","North Fork Kuskokwim River","HUC8_Trimmed","/Users/benjaminmakhlouf/Spatial Data/HUC8_Trimmed.shp",0.00290175677862332,0.00289346240228897,1884947.19905091,1.53943663784555e-09,0.0116097864589003,"2018","Kusko","DOY","Q4"
NA,NA,NA,NA,NA,NA,NA,NA,NA,NA,NA,NA,NA,NA,NA,NA,NA,NA,NA,NA,NA,NA,"19030406","Middle Fork Kuskokwim River","HUC8_Trimmed","/Users/benjaminmakhlouf/Spatial Data/HUC8_Trimmed.shp",0.0334090108389383,0.0333135145827055,928823.473467058,3.59691715307658e-08,0.271264429018768,"2018","Kusko","DOY","Q4"
NA,NA,NA,NA,NA,NA,NA,NA,NA,NA,NA,NA,NA,NA,NA,NA,NA,NA,NA,NA,NA,NA,"19030502","Kuskokwim Delta","HUC8_Trimmed","/Users/benjaminmakhlouf/Spatial Data/HUC8_Trimmed.shp",0.279770016904994,0.278970322794043,6220318.78018474,4.49767972979489e-08,0.339196170467406,"2018","Kusko","DOY","Q4"
NA,NA,NA,NA,NA,NA,NA,NA,NA,NA,NA,NA,NA,NA,NA,NA,NA,NA,NA,NA,NA,NA,"19030407","South Fork Kuskokwim River","HUC8_Trimmed","/Users/benjaminmakhlouf/Spatial Data/HUC8_Trimmed.shp",0.00929727741364286,0.0092707020926781,725260.727941768,1.28192208063268e-08,0.096677195067432,"2018","Kusko","DOY","Q4"
NA,NA,NA,NA,NA,NA,NA,NA,NA,NA,NA,NA,NA,NA,NA,NA,NA,NA,NA,NA,NA,NA,"19030501","Aniak","HUC8_Trimmed","/Users/benjaminmakhlouf/Spatial Data/HUC8_Trimmed.shp",0.23852783807736,0.237846030535871,1798877.0674296,1.32598187166947e-07,1,"2018","Kusko","DOY","Q4"
NA,NA,NA,NA,NA,NA,NA,NA,NA,NA,NA,NA,NA,NA,NA,NA,NA,NA,NA,NA,NA,NA,"19030404","Holitna River","HUC8_Trimmed","/Users/benjaminmakhlouf/Spatial Data/HUC8_Trimmed.shp",0.151849271930646,0.151156218912605,2237206.12572435,6.78745110629808e-08,0.481263914791488,"2019","Kusko","DOY","Q1"
NA,NA,NA,NA,NA,NA,NA,NA,NA,NA,NA,NA,NA,NA,NA,NA,NA,NA,NA,NA,NA,NA,"19030403","Takotna River","HUC8_Trimmed","/Users/benjaminmakhlouf/Spatial Data/HUC8_Trimmed.shp",0.0494900407517876,0.0492641639881396,770363.487306015,6.42424538121035e-08,0.455510829223298,"2019","Kusko","DOY","Q1"
NA,NA,NA,NA,NA,NA,NA,NA,NA,NA,NA,NA,NA,NA,NA,NA,NA,NA,NA,NA,NA,NA,"19030405","Stony River","HUC8_Trimmed","/Users/benjaminmakhlouf/Spatial Data/HUC8_Trimmed.shp",0.377195564317814,0.375474011616781,2914112.91565278,1.29437525324347e-07,0.91777618995613,"2019","Kusko","DOY","Q1"
NA,NA,NA,NA,NA,NA,NA,NA,NA,NA,NA,NA,NA,NA,NA,NA,NA,NA,NA,NA,NA,NA,"19030401","North Fork Kuskokwim River","HUC8_Trimmed","/Users/benjaminmakhlouf/Spatial Data/HUC8_Trimmed.shp",0.00716177440662444,0.00712908745788948,1884947.19905091,3.7994562448383e-09,0.0269400273804277,"2019","Kusko","DOY","Q1"
NA,NA,NA,NA,NA,NA,NA,NA,NA,NA,NA,NA,NA,NA,NA,NA,NA,NA,NA,NA,NA,NA,"19030406","Middle Fork Kuskokwim River","HUC8_Trimmed","/Users/benjaminmakhlouf/Spatial Data/HUC8_Trimmed.shp",0.130995566440318,0.130397691511337,928823.473467058,1.41033867233508e-07,1,"2019","Kusko","DOY","Q1"
NA,NA,NA,NA,NA,NA,NA,NA,NA,NA,NA,NA,NA,NA,NA,NA,NA,NA,NA,NA,NA,NA,"19030502","Kuskokwim Delta","HUC8_Trimmed","/Users/benjaminmakhlouf/Spatial Data/HUC8_Trimmed.shp",0.144534080596242,0.143874414734869,6220318.78018474,2.32357995954588e-08,0.164753332311222,"2019","Kusko","DOY","Q1"
NA,NA,NA,NA,NA,NA,NA,NA,NA,NA,NA,NA,NA,NA,NA,NA,NA,NA,NA,NA,NA,NA,"19030407","South Fork Kuskokwim River","HUC8_Trimmed","/Users/benjaminmakhlouf/Spatial Data/HUC8_Trimmed.shp",0.0216216788367981,0.021522995651937,725260.727941768,2.98122840570159e-08,0.211383865746631,"2019","Kusko","DOY","Q1"
NA,NA,NA,NA,NA,NA,NA,NA,NA,NA,NA,NA,NA,NA,NA,NA,NA,NA,NA,NA,NA,NA,"19030501","Aniak","HUC8_Trimmed","/Users/benjaminmakhlouf/Spatial Data/HUC8_Trimmed.shp",0.12173703432582,0.121181416126443,1798877.0674296,6.76739041983391e-08,0.479841512721852,"2019","Kusko","DOY","Q1"
NA,NA,NA,NA,NA,NA,NA,NA,NA,NA,NA,NA,NA,NA,NA,NA,NA,NA,NA,NA,NA,NA,"19030404","Holitna River","HUC8_Trimmed","/Users/benjaminmakhlouf/Spatial Data/HUC8_Trimmed.shp",0.214544517056502,0.213662874782256,2237206.12572435,9.58984130204084e-08,0.90351353124103,"2019","Kusko","DOY","Q2"
NA,NA,NA,NA,NA,NA,NA,NA,NA,NA,NA,NA,NA,NA,NA,NA,NA,NA,NA,NA,NA,NA,"19030403","Takotna River","HUC8_Trimmed","/Users/benjaminmakhlouf/Spatial Data/HUC8_Trimmed.shp",0.0635503731430563,0.0632892213025167,770363.487306015,8.24940098930362e-08,0.777223020039213,"2019","Kusko","DOY","Q2"
NA,NA,NA,NA,NA,NA,NA,NA,NA,NA,NA,NA,NA,NA,NA,NA,NA,NA,NA,NA,NA,NA,"19030405","Stony River","HUC8_Trimmed","/Users/benjaminmakhlouf/Spatial Data/HUC8_Trimmed.shp",0.309302289684056,0.308031252894826,2914112.91565278,1.06139432011257e-07,1,"2019","Kusko","DOY","Q2"
NA,NA,NA,NA,NA,NA,NA,NA,NA,NA,NA,NA,NA,NA,NA,NA,NA,NA,NA,NA,NA,NA,"19030401","North Fork Kuskokwim River","HUC8_Trimmed","/Users/benjaminmakhlouf/Spatial Data/HUC8_Trimmed.shp",0.00858610648284495,0.00855082301557063,1884947.19905091,4.55509124455483e-09,0.0429161072208461,"2019","Kusko","DOY","Q2"
NA,NA,NA,NA,NA,NA,NA,NA,NA,NA,NA,NA,NA,NA,NA,NA,NA,NA,NA,NA,NA,NA,"19030406","Middle Fork Kuskokwim River","HUC8_Trimmed","/Users/benjaminmakhlouf/Spatial Data/HUC8_Trimmed.shp",0.0805843426519428,0.0802531919700286,928823.473467058,8.67595888281573e-08,0.81741146701214,"2019","Kusko","DOY","Q2"
NA,NA,NA,NA,NA,NA,NA,NA,NA,NA,NA,NA,NA,NA,NA,NA,NA,NA,NA,NA,NA,NA,"19030502","Kuskokwim Delta","HUC8_Trimmed","/Users/benjaminmakhlouf/Spatial Data/HUC8_Trimmed.shp",0.153486321803343,0.152855590094713,6220318.78018474,2.46749929106984e-08,0.232477152394044,"2019","Kusko","DOY","Q2"
NA,NA,NA,NA,NA,NA,NA,NA,NA,NA,NA,NA,NA,NA,NA,NA,NA,NA,NA,NA,NA,NA,"19030407","South Fork Kuskokwim River","HUC8_Trimmed","/Users/benjaminmakhlouf/Spatial Data/HUC8_Trimmed.shp",0.0168082480290278,0.0167391767601755,725260.727941768,2.31754559173888e-08,0.21834916089367,"2019","Kusko","DOY","Q2"
NA,NA,NA,NA,NA,NA,NA,NA,NA,NA,NA,NA,NA,NA,NA,NA,NA,NA,NA,NA,NA,NA,"19030501","Aniak","HUC8_Trimmed","/Users/benjaminmakhlouf/Spatial Data/HUC8_Trimmed.shp",0.157264125271487,0.156617869179913,1798877.0674296,8.74234977580764e-08,0.823666530915711,"2019","Kusko","DOY","Q2"
NA,NA,NA,NA,NA,NA,NA,NA,NA,NA,NA,NA,NA,NA,NA,NA,NA,NA,NA,NA,NA,NA,"19030404","Holitna River","HUC8_Trimmed","/Users/benjaminmakhlouf/Spatial Data/HUC8_Trimmed.shp",0.236930065734228,0.236188782509697,2237206.12572435,1.05904441709642e-07,0.85238593124123,"2019","Kusko","DOY","Q3"
NA,NA,NA,NA,NA,NA,NA,NA,NA,NA,NA,NA,NA,NA,NA,NA,NA,NA,NA,NA,NA,NA,"19030403","Takotna River","HUC8_Trimmed","/Users/benjaminmakhlouf/Spatial Data/HUC8_Trimmed.shp",0.0554479911623395,0.0552745110024654,770363.487306015,7.19764008497376e-08,0.579311598978101,"2019","Kusko","DOY","Q3"
NA,NA,NA,NA,NA,NA,NA,NA,NA,NA,NA,NA,NA,NA,NA,NA,NA,NA,NA,NA,NA,NA,"19030405","Stony River","HUC8_Trimmed","/Users/benjaminmakhlouf/Spatial Data/HUC8_Trimmed.shp",0.227617149276485,0.226905003378702,2914112.91565278,7.81085551125589e-08,0.628667055061431,"2019","Kusko","DOY","Q3"
NA,NA,NA,NA,NA,NA,NA,NA,NA,NA,NA,NA,NA,NA,NA,NA,NA,NA,NA,NA,NA,NA,"19030401","North Fork Kuskokwim River","HUC8_Trimmed","/Users/benjaminmakhlouf/Spatial Data/HUC8_Trimmed.shp",0.00245355167554014,0.00244587524708873,1884947.19905091,1.30165538683287e-09,0.0104765458478375,"2019","Kusko","DOY","Q3"
NA,NA,NA,NA,NA,NA,NA,NA,NA,NA,NA,NA,NA,NA,NA,NA,NA,NA,NA,NA,NA,NA,"19030406","Middle Fork Kuskokwim River","HUC8_Trimmed","/Users/benjaminmakhlouf/Spatial Data/HUC8_Trimmed.shp",0.0369100352529246,0.0367945548057089,928823.473467058,3.97384823998353e-08,0.319840440869942,"2019","Kusko","DOY","Q3"
NA,NA,NA,NA,NA,NA,NA,NA,NA,NA,NA,NA,NA,NA,NA,NA,NA,NA,NA,NA,NA,NA,"19030502","Kuskokwim Delta","HUC8_Trimmed","/Users/benjaminmakhlouf/Spatial Data/HUC8_Trimmed.shp",0.209854596948424,0.209198024757696,6220318.78018474,3.37369521345e-08,0.271536329337814,"2019","Kusko","DOY","Q3"
NA,NA,NA,NA,NA,NA,NA,NA,NA,NA,NA,NA,NA,NA,NA,NA,NA,NA,NA,NA,NA,NA,"19030407","South Fork Kuskokwim River","HUC8_Trimmed","/Users/benjaminmakhlouf/Spatial Data/HUC8_Trimmed.shp",0.0104241727858798,0.0103915586708588,725260.727941768,1.43730004731716e-08,0.115682998704101,"2019","Kusko","DOY","Q3"
NA,NA,NA,NA,NA,NA,NA,NA,NA,NA,NA,NA,NA,NA,NA,NA,NA,NA,NA,NA,NA,NA,"19030501","Aniak","HUC8_Trimmed","/Users/benjaminmakhlouf/Spatial Data/HUC8_Trimmed.shp",0.223500957193174,0.222801689627783,1798877.0674296,1.24244708679583e-07,1,"2019","Kusko","DOY","Q3"
NA,NA,NA,NA,NA,NA,NA,NA,NA,NA,NA,NA,NA,NA,NA,NA,NA,NA,NA,NA,NA,NA,"19030404","Holitna River","HUC8_Trimmed","/Users/benjaminmakhlouf/Spatial Data/HUC8_Trimmed.shp",0.247341748651767,0.246732716814567,2237206.12572435,1.10558319060423e-07,1,"2019","Kusko","DOY","Q4"
NA,NA,NA,NA,NA,NA,NA,NA,NA,NA,NA,NA,NA,NA,NA,NA,NA,NA,NA,NA,NA,NA,"19030403","Takotna River","HUC8_Trimmed","/Users/benjaminmakhlouf/Spatial Data/HUC8_Trimmed.shp",0.0610780512690482,0.0609276582279231,770363.487306015,7.92847172477502e-08,0.717130270445037,"2019","Kusko","DOY","Q4"
NA,NA,NA,NA,NA,NA,NA,NA,NA,NA,NA,NA,NA,NA,NA,NA,NA,NA,NA,NA,NA,NA,"19030405","Stony River","HUC8_Trimmed","/Users/benjaminmakhlouf/Spatial Data/HUC8_Trimmed.shp",0.240495007529818,0.239902834485552,2914112.91565278,8.25276900692591e-08,0.746462959735804,"2019","Kusko","DOY","Q4"
NA,NA,NA,NA,NA,NA,NA,NA,NA,NA,NA,NA,NA,NA,NA,NA,NA,NA,NA,NA,NA,NA,"19030401","North Fork Kuskokwim River","HUC8_Trimmed","/Users/benjaminmakhlouf/Spatial Data/HUC8_Trimmed.shp",0.000678644479623796,0.000676973447149564,1884947.19905091,3.60033681561744e-10,0.00325650466307266,"2019","Kusko","DOY","Q4"
NA,NA,NA,NA,NA,NA,NA,NA,NA,NA,NA,NA,NA,NA,NA,NA,NA,NA,NA,NA,NA,NA,"19030406","Middle Fork Kuskokwim River","HUC8_Trimmed","/Users/benjaminmakhlouf/Spatial Data/HUC8_Trimmed.shp",0.0416700595972553,0.0415674550305331,928823.473467058,4.48632714262827e-08,0.405788291713838,"2019","Kusko","DOY","Q4"
NA,NA,NA,NA,NA,NA,NA,NA,NA,NA,NA,NA,NA,NA,NA,NA,NA,NA,NA,NA,NA,NA,"19030502","Kuskokwim Delta","HUC8_Trimmed","/Users/benjaminmakhlouf/Spatial Data/HUC8_Trimmed.shp",0.220384795757661,0.219842140270738,6220318.78018474,3.54298233813535e-08,0.320462753797749,"2019","Kusko","DOY","Q4"
NA,NA,NA,NA,NA,NA,NA,NA,NA,NA,NA,NA,NA,NA,NA,NA,NA,NA,NA,NA,NA,NA,"19030407","South Fork Kuskokwim River","HUC8_Trimmed","/Users/benjaminmakhlouf/Spatial Data/HUC8_Trimmed.shp",0.0104151069302851,0.0103894617177686,725260.727941768,1.43605003401223e-08,0.129890726108759,"2019","Kusko","DOY","Q4"
NA,NA,NA,NA,NA,NA,NA,NA,NA,NA,NA,NA,NA,NA,NA,NA,NA,NA,NA,NA,NA,NA,"19030501","Aniak","HUC8_Trimmed","/Users/benjaminmakhlouf/Spatial Data/HUC8_Trimmed.shp",0.180404972811046,0.179960760005768,1798877.0674296,1.00287549425945e-07,0.907100888275402,"2019","Kusko","DOY","Q4"
NA,NA,NA,NA,NA,NA,NA,NA,NA,NA,NA,NA,NA,NA,NA,NA,NA,NA,NA,NA,NA,NA,"19030404","Holitna River","HUC8_Trimmed","/Users/benjaminmakhlouf/Spatial Data/HUC8_Trimmed.shp",0.0875907078301204,0.0871303236526493,2237206.12572435,3.91518272826831e-08,0.2377849322292,"2020","Kusko","DOY","Q1"
NA,NA,NA,NA,NA,NA,NA,NA,NA,NA,NA,NA,NA,NA,NA,NA,NA,NA,NA,NA,NA,NA,"19030403","Takotna River","HUC8_Trimmed","/Users/benjaminmakhlouf/Spatial Data/HUC8_Trimmed.shp",0.0332924613936014,0.0331174733973358,770363.487306015,4.32165619765109e-08,0.262471715216951,"2020","Kusko","DOY","Q1"
NA,NA,NA,NA,NA,NA,NA,NA,NA,NA,NA,NA,NA,NA,NA,NA,NA,NA,NA,NA,NA,NA,"19030405","Stony River","HUC8_Trimmed","/Users/benjaminmakhlouf/Spatial Data/HUC8_Trimmed.shp",0.435198735256043,0.432911293851233,2914112.91565278,1.49341754370062e-07,0.907013066988618,"2020","Kusko","DOY","Q1"
NA,NA,NA,NA,NA,NA,NA,NA,NA,NA,NA,NA,NA,NA,NA,NA,NA,NA,NA,NA,NA,NA,"19030401","North Fork Kuskokwim River","HUC8_Trimmed","/Users/benjaminmakhlouf/Spatial Data/HUC8_Trimmed.shp",0.0174097353813432,0.0173182283379354,1884947.19905091,9.2361926053468e-09,0.0560951451093477,"2020","Kusko","DOY","Q1"
NA,NA,NA,NA,NA,NA,NA,NA,NA,NA,NA,NA,NA,NA,NA,NA,NA,NA,NA,NA,NA,NA,"19030406","Middle Fork Kuskokwim River","HUC8_Trimmed","/Users/benjaminmakhlouf/Spatial Data/HUC8_Trimmed.shp",0.152932887161377,0.152129058956214,928823.473467058,1.64652263352603e-07,1,"2020","Kusko","DOY","Q1"
NA,NA,NA,NA,NA,NA,NA,NA,NA,NA,NA,NA,NA,NA,NA,NA,NA,NA,NA,NA,NA,NA,"19030502","Kuskokwim Delta","HUC8_Trimmed","/Users/benjaminmakhlouf/Spatial Data/HUC8_Trimmed.shp",0.116707808408857,0.11609438228513,6220318.78018474,1.87623516628501e-08,0.113951374131253,"2020","Kusko","DOY","Q1"
NA,NA,NA,NA,NA,NA,NA,NA,NA,NA,NA,NA,NA,NA,NA,NA,NA,NA,NA,NA,NA,NA,"19030407","South Fork Kuskokwim River","HUC8_Trimmed","/Users/benjaminmakhlouf/Spatial Data/HUC8_Trimmed.shp",0.0283614280614436,0.028212357993928,725260.727941768,3.91051479402877e-08,0.237501429643539,"2020","Kusko","DOY","Q1"
NA,NA,NA,NA,NA,NA,NA,NA,NA,NA,NA,NA,NA,NA,NA,NA,NA,NA,NA,NA,NA,NA,"19030501","Aniak","HUC8_Trimmed","/Users/benjaminmakhlouf/Spatial Data/HUC8_Trimmed.shp",0.133790093586712,0.133086881525574,1798877.0674296,7.43742282388885e-08,0.451704864084474,"2020","Kusko","DOY","Q1"
NA,NA,NA,NA,NA,NA,NA,NA,NA,NA,NA,NA,NA,NA,NA,NA,NA,NA,NA,NA,NA,NA,"19030404","Holitna River","HUC8_Trimmed","/Users/benjaminmakhlouf/Spatial Data/HUC8_Trimmed.shp",0.136863161877083,0.136217905217865,2237206.12572435,6.11759284508352e-08,0.463905184189329,"2020","Kusko","DOY","Q2"
NA,NA,NA,NA,NA,NA,NA,NA,NA,NA,NA,NA,NA,NA,NA,NA,NA,NA,NA,NA,NA,NA,"19030403","Takotna River","HUC8_Trimmed","/Users/benjaminmakhlouf/Spatial Data/HUC8_Trimmed.shp",0.0478759559291456,0.0476502393889456,770363.487306015,6.2147228831638e-08,0.471270683879646,"2020","Kusko","DOY","Q2"
NA,NA,NA,NA,NA,NA,NA,NA,NA,NA,NA,NA,NA,NA,NA,NA,NA,NA,NA,NA,NA,NA,"19030405","Stony River","HUC8_Trimmed","/Users/benjaminmakhlouf/Spatial Data/HUC8_Trimmed.shp",0.37424088652145,0.372476486073091,2914112.91565278,1.28423605177158e-07,0.973853241342248,"2020","Kusko","DOY","Q2"
NA,NA,NA,NA,NA,NA,NA,NA,NA,NA,NA,NA,NA,NA,NA,NA,NA,NA,NA,NA,NA,NA,"19030401","North Fork Kuskokwim River","HUC8_Trimmed","/Users/benjaminmakhlouf/Spatial Data/HUC8_Trimmed.shp",0.0143799170831988,0.0143121213584056,1884947.19905091,7.62881691881834e-09,0.0578503311268139,"2020","Kusko","DOY","Q2"
NA,NA,NA,NA,NA,NA,NA,NA,NA,NA,NA,NA,NA,NA,NA,NA,NA,NA,NA,NA,NA,NA,"19030406","Middle Fork Kuskokwim River","HUC8_Trimmed","/Users/benjaminmakhlouf/Spatial Data/HUC8_Trimmed.shp",0.122485456711531,0.121907985348773,928823.473467058,1.3187162061519e-07,1,"2020","Kusko","DOY","Q2"
NA,NA,NA,NA,NA,NA,NA,NA,NA,NA,NA,NA,NA,NA,NA,NA,NA,NA,NA,NA,NA,NA,"19030502","Kuskokwim Delta","HUC8_Trimmed","/Users/benjaminmakhlouf/Spatial Data/HUC8_Trimmed.shp",0.139476898831169,0.138819319417223,6220318.78018474,2.24227895321832e-08,0.170034988783631,"2020","Kusko","DOY","Q2"
NA,NA,NA,NA,NA,NA,NA,NA,NA,NA,NA,NA,NA,NA,NA,NA,NA,NA,NA,NA,NA,NA,"19030407","South Fork Kuskokwim River","HUC8_Trimmed","/Users/benjaminmakhlouf/Spatial Data/HUC8_Trimmed.shp",0.0226252069637281,0.0225185378990995,725260.727941768,3.11959631785615e-08,0.236563128844782,"2020","Kusko","DOY","Q2"
NA,NA,NA,NA,NA,NA,NA,NA,NA,NA,NA,NA,NA,NA,NA,NA,NA,NA,NA,NA,NA,NA,"19030501","Aniak","HUC8_Trimmed","/Users/benjaminmakhlouf/Spatial Data/HUC8_Trimmed.shp",0.146789460599543,0.146097405296598,1798877.0674296,8.16006069882748e-08,0.618788232127597,"2020","Kusko","DOY","Q2"
NA,NA,NA,NA,NA,NA,NA,NA,NA,NA,NA,NA,NA,NA,NA,NA,NA,NA,NA,NA,NA,NA,"19030404","Holitna River","HUC8_Trimmed","/Users/benjaminmakhlouf/Spatial Data/HUC8_Trimmed.shp",0.219304675110562,0.218508069674106,2237206.12572435,9.80261374170682e-08,0.990163584171326,"2020","Kusko","DOY","Q3"
NA,NA,NA,NA,NA,NA,NA,NA,NA,NA,NA,NA,NA,NA,NA,NA,NA,NA,NA,NA,NA,NA,"19030403","Takotna River","HUC8_Trimmed","/Users/benjaminmakhlouf/Spatial Data/HUC8_Trimmed.shp",0.0507389281014118,0.0505546232937503,770363.487306015,6.58636201448844e-08,0.665289482045859,"2020","Kusko","DOY","Q3"
NA,NA,NA,NA,NA,NA,NA,NA,NA,NA,NA,NA,NA,NA,NA,NA,NA,NA,NA,NA,NA,NA,"19030405","Stony River","HUC8_Trimmed","/Users/benjaminmakhlouf/Spatial Data/HUC8_Trimmed.shp",0.276894279328956,0.275888484590993,2914112.91565278,9.50183768932406e-08,0.959782146943712,"2020","Kusko","DOY","Q3"
NA,NA,NA,NA,NA,NA,NA,NA,NA,NA,NA,NA,NA,NA,NA,NA,NA,NA,NA,NA,NA,NA,"19030401","North Fork Kuskokwim River","HUC8_Trimmed","/Users/benjaminmakhlouf/Spatial Data/HUC8_Trimmed.shp",0.00408932716344611,0.00407447303300769,1884947.19905091,2.16946509987396e-09,0.0219138017229655,"2020","Kusko","DOY","Q3"
NA,NA,NA,NA,NA,NA,NA,NA,NA,NA,NA,NA,NA,NA,NA,NA,NA,NA,NA,NA,NA,NA,"19030406","Middle Fork Kuskokwim River","HUC8_Trimmed","/Users/benjaminmakhlouf/Spatial Data/HUC8_Trimmed.shp",0.07057167431702,0.0703153287585297,928823.473467058,7.59796412698251e-08,0.767471573461001,"2020","Kusko","DOY","Q3"
NA,NA,NA,NA,NA,NA,NA,NA,NA,NA,NA,NA,NA,NA,NA,NA,NA,NA,NA,NA,NA,NA,"19030502","Kuskokwim Delta","HUC8_Trimmed","/Users/benjaminmakhlouf/Spatial Data/HUC8_Trimmed.shp",0.190032421861163,0.189342145375807,6220318.78018474,3.05502705852511e-08,0.308588772516798,"2020","Kusko","DOY","Q3"
NA,NA,NA,NA,NA,NA,NA,NA,NA,NA,NA,NA,NA,NA,NA,NA,NA,NA,NA,NA,NA,NA,"19030407","South Fork Kuskokwim River","HUC8_Trimmed","/Users/benjaminmakhlouf/Spatial Data/HUC8_Trimmed.shp",0.0139256255813428,0.0138750419399382,725260.727941768,1.92008543201596e-08,0.193948137035239,"2020","Kusko","DOY","Q3"
NA,NA,NA,NA,NA,NA,NA,NA,NA,NA,NA,NA,NA,NA,NA,NA,NA,NA,NA,NA,NA,NA,"19030501","Aniak","HUC8_Trimmed","/Users/benjaminmakhlouf/Spatial Data/HUC8_Trimmed.shp",0.178088725365359,0.177441833333869,1798877.0674296,9.89999420137298e-08,1,"2020","Kusko","DOY","Q3"
NA,NA,NA,NA,NA,NA,NA,NA,NA,NA,NA,NA,NA,NA,NA,NA,NA,NA,NA,NA,NA,NA,"19030404","Holitna River","HUC8_Trimmed","/Users/benjaminmakhlouf/Spatial Data/HUC8_Trimmed.shp",0.22870236291888,0.227837317359545,2237206.12572435,1.02226773067159e-07,1,"2020","Kusko","DOY","Q4"
NA,NA,NA,NA,NA,NA,NA,NA,NA,NA,NA,NA,NA,NA,NA,NA,NA,NA,NA,NA,NA,NA,"19030403","Takotna River","HUC8_Trimmed","/Users/benjaminmakhlouf/Spatial Data/HUC8_Trimmed.shp",0.071362978765312,0.0710930548909192,770363.487306015,9.26354635717102e-08,0.906176149283834,"2020","Kusko","DOY","Q4"
NA,NA,NA,NA,NA,NA,NA,NA,NA,NA,NA,NA,NA,NA,NA,NA,NA,NA,NA,NA,NA,NA,"19030405","Stony River","HUC8_Trimmed","/Users/benjaminmakhlouf/Spatial Data/HUC8_Trimmed.shp",0.281040095778154,0.279977087579441,2914112.91565278,9.64410453241478e-08,0.943403009119638,"2020","Kusko","DOY","Q4"
NA,NA,NA,NA,NA,NA,NA,NA,NA,NA,NA,NA,NA,NA,NA,NA,NA,NA,NA,NA,NA,NA,"19030401","North Fork Kuskokwim River","HUC8_Trimmed","/Users/benjaminmakhlouf/Spatial Data/HUC8_Trimmed.shp",0.00260384832340945,0.00259399950767969,1884947.19905091,1.38139058999664e-09,0.0135130020106291,"2020","Kusko","DOY","Q4"
NA,NA,NA,NA,NA,NA,NA,NA,NA,NA,NA,NA,NA,NA,NA,NA,NA,NA,NA,NA,NA,NA,"19030406","Middle Fork Kuskokwim River","HUC8_Trimmed","/Users/benjaminmakhlouf/Spatial Data/HUC8_Trimmed.shp",0.062905565186748,0.0626676306978876,928823.473467058,6.77260717280731e-08,0.662508163918858,"2020","Kusko","DOY","Q4"
NA,NA,NA,NA,NA,NA,NA,NA,NA,NA,NA,NA,NA,NA,NA,NA,NA,NA,NA,NA,NA,NA,"19030502","Kuskokwim Delta","HUC8_Trimmed","/Users/benjaminmakhlouf/Spatial Data/HUC8_Trimmed.shp",0.166648983853073,0.166018649467324,6220318.78018474,2.67910680693641e-08,0.262074868114672,"2020","Kusko","DOY","Q4"
NA,NA,NA,NA,NA,NA,NA,NA,NA,NA,NA,NA,NA,NA,NA,NA,NA,NA,NA,NA,NA,NA,"19030407","South Fork Kuskokwim River","HUC8_Trimmed","/Users/benjaminmakhlouf/Spatial Data/HUC8_Trimmed.shp",0.0146657538577367,0.0146102819986486,725260.727941768,2.02213539113815e-08,0.197808786335229,"2020","Kusko","DOY","Q4"
NA,NA,NA,NA,NA,NA,NA,NA,NA,NA,NA,NA,NA,NA,NA,NA,NA,NA,NA,NA,NA,NA,"19030501","Aniak","HUC8_Trimmed","/Users/benjaminmakhlouf/Spatial Data/HUC8_Trimmed.shp",0.175867179859084,0.175201978498555,1798877.0674296,9.77649796327543e-08,0.956353963834179,"2020","Kusko","DOY","Q4"
NA,NA,NA,NA,NA,NA,NA,NA,NA,NA,NA,NA,NA,NA,NA,NA,NA,NA,NA,NA,NA,NA,"19030404","Holitna River","HUC8_Trimmed","/Users/benjaminmakhlouf/Spatial Data/HUC8_Trimmed.shp",0.087799934075878,0.0872986354900094,2237206.12572435,3.92453485024544e-08,0.195186961158361,"2021","Kusko","DOY","Q1"
NA,NA,NA,NA,NA,NA,NA,NA,NA,NA,NA,NA,NA,NA,NA,NA,NA,NA,NA,NA,NA,NA,"19030403","Takotna River","HUC8_Trimmed","/Users/benjaminmakhlouf/Spatial Data/HUC8_Trimmed.shp",0.0445635946036015,0.0443091562923301,770363.487306015,5.78474906169837e-08,0.287704819424899,"2021","Kusko","DOY","Q1"
NA,NA,NA,NA,NA,NA,NA,NA,NA,NA,NA,NA,NA,NA,NA,NA,NA,NA,NA,NA,NA,NA,"19030405","Stony River","HUC8_Trimmed","/Users/benjaminmakhlouf/Spatial Data/HUC8_Trimmed.shp",0.477678638132036,0.474951305494311,2914112.91565278,1.6391905597283e-07,0.81525234536478,"2021","Kusko","DOY","Q1"
NA,NA,NA,NA,NA,NA,NA,NA,NA,NA,NA,NA,NA,NA,NA,NA,NA,NA,NA,NA,NA,NA,"19030401","North Fork Kuskokwim River","HUC8_Trimmed","/Users/benjaminmakhlouf/Spatial Data/HUC8_Trimmed.shp",0.0321343422616254,0.0319508694549186,1884947.19905091,1.7047873955199e-08,0.0847876968481492,"2021","Kusko","DOY","Q1"
NA,NA,NA,NA,NA,NA,NA,NA,NA,NA,NA,NA,NA,NA,NA,NA,NA,NA,NA,NA,NA,NA,"19030406","Middle Fork Kuskokwim River","HUC8_Trimmed","/Users/benjaminmakhlouf/Spatial Data/HUC8_Trimmed.shp",0.186754282648523,0.185687998729498,928823.473467058,2.01065420915147e-07,1,"2021","Kusko","DOY","Q1"
NA,NA,NA,NA,NA,NA,NA,NA,NA,NA,NA,NA,NA,NA,NA,NA,NA,NA,NA,NA,NA,NA,"19030502","Kuskokwim Delta","HUC8_Trimmed","/Users/benjaminmakhlouf/Spatial Data/HUC8_Trimmed.shp",0.0617480366613965,0.0613954828265409,6220318.78018474,9.92682832559952e-09,0.0493711364212586,"2021","Kusko","DOY","Q1"
NA,NA,NA,NA,NA,NA,NA,NA,NA,NA,NA,NA,NA,NA,NA,NA,NA,NA,NA,NA,NA,NA,"19030407","South Fork Kuskokwim River","HUC8_Trimmed","/Users/benjaminmakhlouf/Spatial Data/HUC8_Trimmed.shp",0.030607649638977,0.0304328935683458,725260.727941768,4.220227079693e-08,0.209893230794468,"2021","Kusko","DOY","Q1"
NA,NA,NA,NA,NA,NA,NA,NA,NA,NA,NA,NA,NA,NA,NA,NA,NA,NA,NA,NA,NA,NA,"19030501","Aniak","HUC8_Trimmed","/Users/benjaminmakhlouf/Spatial Data/HUC8_Trimmed.shp",0.0844558635741947,0.0839736581440463,1798877.0674296,4.69492135417974e-08,0.233502177192421,"2021","Kusko","DOY","Q1"
NA,NA,NA,NA,NA,NA,NA,NA,NA,NA,NA,NA,NA,NA,NA,NA,NA,NA,NA,NA,NA,NA,"19030404","Holitna River","HUC8_Trimmed","/Users/benjaminmakhlouf/Spatial Data/HUC8_Trimmed.shp",0.196741370751408,0.195873802047022,2237206.12572435,8.79406544123011e-08,0.734738119062691,"2021","Kusko","DOY","Q2"
NA,NA,NA,NA,NA,NA,NA,NA,NA,NA,NA,NA,NA,NA,NA,NA,NA,NA,NA,NA,NA,NA,"19030403","Takotna River","HUC8_Trimmed","/Users/benjaminmakhlouf/Spatial Data/HUC8_Trimmed.shp",0.0614681846769677,0.0611971289598224,770363.487306015,7.97911449462952e-08,0.666649527996905,"2021","Kusko","DOY","Q2"
NA,NA,NA,NA,NA,NA,NA,NA,NA,NA,NA,NA,NA,NA,NA,NA,NA,NA,NA,NA,NA,NA,"19030405","Stony River","HUC8_Trimmed","/Users/benjaminmakhlouf/Spatial Data/HUC8_Trimmed.shp",0.348789575748115,0.347251521402049,2914112.91565278,1.19689794405233e-07,1,"2021","Kusko","DOY","Q2"
NA,NA,NA,NA,NA,NA,NA,NA,NA,NA,NA,NA,NA,NA,NA,NA,NA,NA,NA,NA,NA,NA,"19030401","North Fork Kuskokwim River","HUC8_Trimmed","/Users/benjaminmakhlouf/Spatial Data/HUC8_Trimmed.shp",0.0127133421361263,0.0126572802223391,1884947.19905091,6.74466751245215e-09,0.056351233168776,"2021","Kusko","DOY","Q2"
NA,NA,NA,NA,NA,NA,NA,NA,NA,NA,NA,NA,NA,NA,NA,NA,NA,NA,NA,NA,NA,NA,"19030406","Middle Fork Kuskokwim River","HUC8_Trimmed","/Users/benjaminmakhlouf/Spatial Data/HUC8_Trimmed.shp",0.100813984236021,0.100369425690182,928823.473467058,1.08539444917029e-07,0.906839596946317,"2021","Kusko","DOY","Q2"
NA,NA,NA,NA,NA,NA,NA,NA,NA,NA,NA,NA,NA,NA,NA,NA,NA,NA,NA,NA,NA,NA,"19030502","Kuskokwim Delta","HUC8_Trimmed","/Users/benjaminmakhlouf/Spatial Data/HUC8_Trimmed.shp",0.124982349108545,0.124431215535198,6220318.78018474,2.00925954963409e-08,0.16787225340461,"2021","Kusko","DOY","Q2"
NA,NA,NA,NA,NA,NA,NA,NA,NA,NA,NA,NA,NA,NA,NA,NA,NA,NA,NA,NA,NA,NA,"19030407","South Fork Kuskokwim River","HUC8_Trimmed","/Users/benjaminmakhlouf/Spatial Data/HUC8_Trimmed.shp",0.0203686828038002,0.0202788632011277,725260.727941768,2.80846349720395e-08,0.234645193532153,"2021","Kusko","DOY","Q2"
NA,NA,NA,NA,NA,NA,NA,NA,NA,NA,NA,NA,NA,NA,NA,NA,NA,NA,NA,NA,NA,NA,"19030501","Aniak","HUC8_Trimmed","/Users/benjaminmakhlouf/Spatial Data/HUC8_Trimmed.shp",0.138551733310614,0.137940762942259,1798877.0674296,7.7021234979992e-08,0.643507120742657,"2021","Kusko","DOY","Q2"
NA,NA,NA,NA,NA,NA,NA,NA,NA,NA,NA,NA,NA,NA,NA,NA,NA,NA,NA,NA,NA,NA,"19030404","Holitna River","HUC8_Trimmed","/Users/benjaminmakhlouf/Spatial Data/HUC8_Trimmed.shp",0.22618576560441,0.225446532861733,2237206.12572435,1.01101889094451e-07,0.970100198531486,"2021","Kusko","DOY","Q3"
NA,NA,NA,NA,NA,NA,NA,NA,NA,NA,NA,NA,NA,NA,NA,NA,NA,NA,NA,NA,NA,NA,"19030403","Takotna River","HUC8_Trimmed","/Users/benjaminmakhlouf/Spatial Data/HUC8_Trimmed.shp",0.057970724809281,0.0577812617023466,770363.487306015,7.52511324388003e-08,0.722055138360473,"2021","Kusko","DOY","Q3"
NA,NA,NA,NA,NA,NA,NA,NA,NA,NA,NA,NA,NA,NA,NA,NA,NA,NA,NA,NA,NA,NA,"19030405","Stony River","HUC8_Trimmed","/Users/benjaminmakhlouf/Spatial Data/HUC8_Trimmed.shp",0.256672880215387,0.255834007810196,2914112.91565278,8.8079250064986e-08,0.84514442548865,"2021","Kusko","DOY","Q3"
NA,NA,NA,NA,NA,NA,NA,NA,NA,NA,NA,NA,NA,NA,NA,NA,NA,NA,NA,NA,NA,NA,"19030401","North Fork Kuskokwim River","HUC8_Trimmed","/Users/benjaminmakhlouf/Spatial Data/HUC8_Trimmed.shp",0.00316338733466618,0.00315304857842612,1884947.19905091,1.67823657673752e-09,0.016103137645182,"2021","Kusko","DOY","Q3"
NA,NA,NA,NA,NA,NA,NA,NA,NA,NA,NA,NA,NA,NA,NA,NA,NA,NA,NA,NA,NA,NA,"19030406","Middle Fork Kuskokwim River","HUC8_Trimmed","/Users/benjaminmakhlouf/Spatial Data/HUC8_Trimmed.shp",0.053609100423154,0.0534338922166059,928823.473467058,5.77172110250887e-08,0.553812380516588,"2021","Kusko","DOY","Q3"
NA,NA,NA,NA,NA,NA,NA,NA,NA,NA,NA,NA,NA,NA,NA,NA,NA,NA,NA,NA,NA,NA,"19030502","Kuskokwim Delta","HUC8_Trimmed","/Users/benjaminmakhlouf/Spatial Data/HUC8_Trimmed.shp",0.205731839787886,0.205059455689019,6220318.78018474,3.30741634083544e-08,0.317355617942339,"2021","Kusko","DOY","Q3"
NA,NA,NA,NA,NA,NA,NA,NA,NA,NA,NA,NA,NA,NA,NA,NA,NA,NA,NA,NA,NA,NA,"19030407","South Fork Kuskokwim River","HUC8_Trimmed","/Users/benjaminmakhlouf/Spatial Data/HUC8_Trimmed.shp",0.0124699278932941,0.0124291729900272,725260.727941768,1.71937172562517e-08,0.164978406172031,"2021","Kusko","DOY","Q3"
NA,NA,NA,NA,NA,NA,NA,NA,NA,NA,NA,NA,NA,NA,NA,NA,NA,NA,NA,NA,NA,NA,"19030501","Aniak","HUC8_Trimmed","/Users/benjaminmakhlouf/Spatial Data/HUC8_Trimmed.shp",0.187475345372704,0.186862628151646,1798877.0674296,1.04217986191011e-07,1,"2021","Kusko","DOY","Q3"
NA,NA,NA,NA,NA,NA,NA,NA,NA,NA,NA,NA,NA,NA,NA,NA,NA,NA,NA,NA,NA,NA,"19030404","Holitna River","HUC8_Trimmed","/Users/benjaminmakhlouf/Spatial Data/HUC8_Trimmed.shp",0.225060914767395,0.224454839903645,2237206.12572435,1.00599096426363e-07,0.850074103051688,"2021","Kusko","DOY","Q4"
NA,NA,NA,NA,NA,NA,NA,NA,NA,NA,NA,NA,NA,NA,NA,NA,NA,NA,NA,NA,NA,NA,"19030403","Takotna River","HUC8_Trimmed","/Users/benjaminmakhlouf/Spatial Data/HUC8_Trimmed.shp",0.0433842942301393,0.0432674630591581,770363.487306015,5.63166543391816e-08,0.475882300387202,"2021","Kusko","DOY","Q4"
NA,NA,NA,NA,NA,NA,NA,NA,NA,NA,NA,NA,NA,NA,NA,NA,NA,NA,NA,NA,NA,NA,"19030405","Stony River","HUC8_Trimmed","/Users/benjaminmakhlouf/Spatial Data/HUC8_Trimmed.shp",0.22587429394354,0.225266028700915,2914112.91565278,7.75104810559278e-08,0.654972609112376,"2021","Kusko","DOY","Q4"
NA,NA,NA,NA,NA,NA,NA,NA,NA,NA,NA,NA,NA,NA,NA,NA,NA,NA,NA,NA,NA,NA,"19030401","North Fork Kuskokwim River","HUC8_Trimmed","/Users/benjaminmakhlouf/Spatial Data/HUC8_Trimmed.shp",0.00203765306488575,0.00203216579356214,1884947.19905091,1.08101333868223e-09,0.00913468884822299,"2021","Kusko","DOY","Q4"
NA,NA,NA,NA,NA,NA,NA,NA,NA,NA,NA,NA,NA,NA,NA,NA,NA,NA,NA,NA,NA,NA,"19030406","Middle Fork Kuskokwim River","HUC8_Trimmed","/Users/benjaminmakhlouf/Spatial Data/HUC8_Trimmed.shp",0.0412207968534762,0.0411097918446215,928823.473467058,4.43795812993503e-08,0.375012640341848,"2021","Kusko","DOY","Q4"
NA,NA,NA,NA,NA,NA,NA,NA,NA,NA,NA,NA,NA,NA,NA,NA,NA,NA,NA,NA,NA,NA,"19030502","Kuskokwim Delta","HUC8_Trimmed","/Users/benjaminmakhlouf/Spatial Data/HUC8_Trimmed.shp",0.242899272749272,0.242245160311364,6220318.78018474,3.90493287133522e-08,0.329971384037941,"2021","Kusko","DOY","Q4"
NA,NA,NA,NA,NA,NA,NA,NA,NA,NA,NA,NA,NA,NA,NA,NA,NA,NA,NA,NA,NA,NA,"19030407","South Fork Kuskokwim River","HUC8_Trimmed","/Users/benjaminmakhlouf/Spatial Data/HUC8_Trimmed.shp",0.00934106244862394,0.00931590755597332,725260.727941768,1.28795922469608e-08,0.108834057321985,"2021","Kusko","DOY","Q4"
NA,NA,NA,NA,NA,NA,NA,NA,NA,NA,NA,NA,NA,NA,NA,NA,NA,NA,NA,NA,NA,NA,"19030501","Aniak","HUC8_Trimmed","/Users/benjaminmakhlouf/Spatial Data/HUC8_Trimmed.shp",0.212881920430084,0.21230864283076,1798877.0674296,1.18341561124168e-07,1,"2021","Kusko","DOY","Q4"
